"player_id","name","registration_date","country","deposit_amount","deposit_date","trafficker","cost_of_adquisition","first_deposit_date","total_deposit"
"75523327-0262-4f73-9292-2f83ef8c485b","Sarah Villegas","4/28/2023","Svalbard & Jan Mayen Islands","824","5/5/2023","Trafficker_7","976","5/5/2023","824"
"54c63cd8-8945-4f27-97fa-2d8dfb2ca025","Laura Lopez","1/22/2022","Netherlands Antilles","2128","11/26/2022","Trafficker_6","10967","11/26/2022","2128"
"14c8b3b4-a911-4192-83bf-d9313605bf54","Veronica Silva","5/2/2022","South Africa","2303","9/13/2022","Trafficker_4","17206","9/13/2022","2303"
"93cd59bf-5c94-4cf0-9c98-d2c1e2acf72f","Michael Armstrong","5/30/2022","Djibouti","2316","1/2/2023","Trafficker_7","7418","1/2/2023","2316"
"89c5b31a-eb6c-4016-8ee6-24d09dac6e83","Evan Jones","8/25/2023","Lao People's Democratic Republic","2611","12/21/2023","Trafficker_3","5611","12/21/2023","2611"
"b963f37f-6781-4c1f-8c53-0e36addc3e13","Matthew Mitchell","5/9/2022","Tokelau","2668","2/16/2023","Trafficker_5","9464","2/16/2023","2668"
"688c7015-aab9-4e49-8f2d-479681d2c7de","Erin Anderson","9/11/2022","Reunion","3025","1/3/2023","Trafficker_9","5196","1/3/2023","3025"
"f2f9e5fa-9016-4161-8fa7-01cd2631d00b","Jennifer Norton","8/24/2022","Guadeloupe","3082","1/20/2023","Trafficker_7","14737","1/20/2023","3082"
"f5c9b047-9c10-4572-8f6b-40d09efba58b","George Clayton","7/29/2023","Marshall Islands","3242","12/19/2023","Trafficker_7","18456","12/19/2023","3242"
"8c41561b-e827-41b9-94a0-2e536d3ee1dc","Aaron Miller","12/13/2022","Equatorial Guinea","3678","12/11/2023","Trafficker_7","29346","12/11/2023","3678"
"455ac762-7428-4656-b3ee-4d3b5a104129","Emily Higgins","8/27/2022","Saint Martin","3992","3/8/2023","Trafficker_9","16148","3/8/2023","3992"
"5563f616-00e8-4ece-8b49-452d46d483f3","Donna Wilson","8/22/2023","Luxembourg","4515","12/1/2023","Trafficker_4","9158","12/1/2023","4515"
"35c7936c-5b99-42c6-a61f-ecc00a368ce7","Brian Graham","6/14/2023","Iran","881","7/1/2023","Trafficker_5","10443","7/1/2023","5454"
"35c7936c-5b99-42c6-a61f-ecc00a368ce7","Brian Graham","6/14/2023","Iran","4573","8/22/2023","Trafficker_5","10443","7/1/2023","5454"
"2a935d62-3c83-4dc0-9944-1fa5c0e9ab30","Amanda Logan","11/12/2022","Tonga","6384","10/18/2023","Trafficker_3","21494","10/18/2023","6384"
"9918ee46-1497-4658-b010-f7197e695d0d","Edwin David","1/31/2022","French Southern Territories","6475","9/14/2023","Trafficker_7","11307","9/14/2023","6475"
"9a6ec2f5-ccc4-4903-8bcf-53a1bc10fa52","Judith Carter","11/29/2023","Aruba","6635","12/6/2023","Trafficker_9","14992","12/6/2023","6635"
"1b049863-7d7d-4bed-9284-476c6b88f83d","Cynthia Snyder","12/3/2022","Guyana","7528","9/7/2023","Trafficker_5","17886","9/7/2023","7528"
"fb02bebb-4872-4a4d-98c7-472a864e9a13","Robin Peck","3/20/2022","Saint Helena","7828","7/14/2023","Trafficker_9","17115","7/14/2023","7828"
"edd96831-1ca3-4cfb-84fc-6d827d154385","Terry Coffey","10/9/2022","French Polynesia","3247","12/29/2023","Trafficker_3","17738","12/18/2022","7985"
"edd96831-1ca3-4cfb-84fc-6d827d154385","Terry Coffey","10/9/2022","French Polynesia","4738","12/18/2022","Trafficker_3","17738","12/18/2022","7985"
"a8e56e0c-20de-435d-a031-d750c40db9b4","Jacob Curry","1/5/2023","Estonia","8344","11/4/2023","Trafficker_7","1454","11/4/2023","8344"
"9f0fda8d-0537-4ff6-96d7-b3b833094d35","Andre Allison","4/29/2022","Philippines","9327","4/19/2023","Trafficker_2","22994","4/19/2023","9327"
"dd334cc7-ab7f-489a-8d5f-4822696608aa","Kathleen Webster","7/25/2023","Senegal","638","10/30/2023","Trafficker_3","6713","10/30/2023","9394"
"dd334cc7-ab7f-489a-8d5f-4822696608aa","Kathleen Webster","7/25/2023","Senegal","8756","11/11/2023","Trafficker_3","6713","10/30/2023","9394"
"d36357b6-6f81-4f4f-b701-f7bb7bc67e1f","Haley Humphrey","7/22/2023","Slovakia (Slovak Republic)","9583","12/23/2023","Trafficker_4","29598","12/23/2023","9583"
"3a9aca5e-1761-42ed-869f-14f140181c6e","Gregory Peck","6/8/2023","South Africa","10159","11/3/2023","Trafficker_9","6302","11/3/2023","10159"
"561e16d1-6105-416b-ab0e-664e9c3eb2d5","Hannah Everett","1/23/2022","Ukraine","10728","12/15/2022","Trafficker_7","17359","12/15/2022","10728"
"620e99d3-3b33-43d8-a69c-d696236c7b87","Chelsea Barnett","6/24/2023","Mali","5222","10/24/2023","Trafficker_4","1167","10/24/2023","11991"
"620e99d3-3b33-43d8-a69c-d696236c7b87","Chelsea Barnett","6/24/2023","Mali","6769","12/3/2023","Trafficker_4","1167","10/24/2023","11991"
"c7fee39f-1190-4938-a66f-d7f739669fa7","Rebecca Brown","5/22/2023","Paraguay","12326","8/1/2023","Trafficker_2","28722","8/1/2023","12326"
"7a4c75d4-dc99-404c-b0e9-8b3b40a26c60","Justin Cox","3/30/2022","France","14005","7/18/2022","Trafficker_2","15372","7/18/2022","14005"
"42deffcc-f86c-4ca2-a085-96db1d870966","Chris Brown","5/19/2022","Bosnia and Herzegovina","14256","1/15/2023","Trafficker_7","8272","1/15/2023","14256"
"284d82e5-87f7-41fb-9a4b-d9caeb5cf467","Brandon Simmons","2/14/2022","Papua New Guinea","15167","6/7/2022","Trafficker_6","5526","6/7/2022","15167"
"4223623b-cc3e-4dde-9ad5-cf06364d7c87","Beth Turner","9/22/2022","Marshall Islands","15576","7/5/2023","Trafficker_1","27316","7/5/2023","15576"
"a7cad415-366e-416f-908e-bad7b7c93acf","Amber Flynn","1/23/2023","French Polynesia","15584","6/26/2023","Trafficker_6","10238","6/26/2023","15584"
"f1578470-0182-47c4-ba1b-58066160a6b4","Brandi Bell","10/1/2022","Guadeloupe","15737","12/6/2023","Trafficker_4","14962","12/6/2023","15737"
"c5f8bc16-f786-4b50-91c5-8ef0dd463c09","Kirk Cruz","8/5/2022","Morocco","5034","12/14/2023","Trafficker_6","28368","4/22/2023","17355"
"c5f8bc16-f786-4b50-91c5-8ef0dd463c09","Kirk Cruz","8/5/2022","Morocco","12321","4/22/2023","Trafficker_6","28368","4/22/2023","17355"
"32c5bd89-b70b-4420-b104-3785658b2523","Logan Benson","3/1/2022","Liechtenstein","3573","6/24/2022","Trafficker_1","12597","6/24/2022","17591"
"32c5bd89-b70b-4420-b104-3785658b2523","Logan Benson","3/1/2022","Liechtenstein","14018","9/16/2023","Trafficker_1","12597","6/24/2022","17591"
"505cc686-9f87-4ce7-9487-fd4febb7a385","Matthew Bates","5/31/2023","Bulgaria","492","9/6/2023","Trafficker_8","25844","9/6/2023","17937"
"505cc686-9f87-4ce7-9487-fd4febb7a385","Matthew Bates","5/31/2023","Bulgaria","17445","11/13/2023","Trafficker_8","25844","9/6/2023","17937"
"17e011b7-f810-4383-83c7-2ba8d605e770","Kevin Hayes","12/21/2023","Cyprus","18312","12/24/2023","Trafficker_9","24146","12/24/2023","18312"
"448aaa9e-66b2-4c5b-90c1-87fcce177b4e","Nicole Hamilton MD","2/21/2022","Norfolk Island","18363","12/13/2023","Trafficker_8","20892","12/13/2023","18363"
"0658663a-698c-406f-a1a4-7e102d534dd0","Charles Gonzalez","5/20/2022","Netherlands Antilles","2910","11/15/2023","Trafficker_9","8936","1/30/2023","19588"
"0658663a-698c-406f-a1a4-7e102d534dd0","Charles Gonzalez","5/20/2022","Netherlands Antilles","7969","1/30/2023","Trafficker_9","8936","1/30/2023","19588"
"0658663a-698c-406f-a1a4-7e102d534dd0","Charles Gonzalez","5/20/2022","Netherlands Antilles","8709","6/6/2023","Trafficker_9","8936","1/30/2023","19588"
"b8db0672-f42d-47cc-80d4-af5974273ca3","Colleen Lee","11/12/2023","El Salvador","19643","11/23/2023","Trafficker_8","14891","11/23/2023","19643"
"680bac63-b856-4035-bdc9-829015eabb27","Thomas Williams","1/15/2023","Tonga","21278","6/28/2023","Trafficker_9","16614","6/28/2023","21278"
"587ef344-6f3f-420c-98b8-e4cc1bc044fc","Carrie Wright","7/20/2023","Kazakhstan","5528","12/30/2023","Trafficker_2","5233","8/3/2023","21699"
"587ef344-6f3f-420c-98b8-e4cc1bc044fc","Carrie Wright","7/20/2023","Kazakhstan","16171","8/3/2023","Trafficker_2","5233","8/3/2023","21699"
"edd4253b-50f0-4d0a-b50c-ab754ccc9bc2","Ashley Ramirez","8/7/2023","Czech Republic","21914","11/21/2023","Trafficker_4","24615","11/21/2023","21914"
"f05db76e-1a84-451a-a9d3-d7c7ee87905e","Angela Williams","11/14/2023","Cayman Islands","22152","12/6/2023","Trafficker_4","18407","12/6/2023","22152"
"38ba8abc-4b53-45e5-97d2-582e046a0df5","Kathleen Burton","11/11/2022","French Guiana","6474","6/23/2023","Trafficker_8","21689","11/12/2022","22805"
"38ba8abc-4b53-45e5-97d2-582e046a0df5","Kathleen Burton","11/11/2022","French Guiana","16331","11/12/2022","Trafficker_8","21689","11/12/2022","22805"
"96ef2ad6-b97e-4703-86c8-adfe7bf47042","Luis Wright","8/14/2023","Tonga","22903","9/8/2023","Trafficker_5","24145","9/8/2023","22903"
"f0bbac67-aa38-40a1-aba2-5efe311c6eb6","Michael Romero","10/22/2022","Andorra","22908","3/28/2023","Trafficker_2","28473","3/28/2023","22908"
"a5e5a5ab-aefc-4ad8-afc8-9849b3aa7efe","Charles Pitts","2/25/2022","Cape Verde","3913","11/21/2023","Trafficker_10","27136","11/21/2023","23129"
"a5e5a5ab-aefc-4ad8-afc8-9849b3aa7efe","Charles Pitts","2/25/2022","Cape Verde","19216","11/22/2023","Trafficker_10","27136","11/21/2023","23129"
"dc815fe7-ceda-4bbb-b171-0434134c6c92","Derek Martinez","10/27/2023","Italy","23203","12/5/2023","Trafficker_2","7141","12/5/2023","23203"
"9e87e04c-a208-4977-a9f2-533683f4a9a9","Nathan Montes","9/18/2022","New Caledonia","10376","12/3/2022","Trafficker_1","7307","12/3/2022","23487"
"9e87e04c-a208-4977-a9f2-533683f4a9a9","Nathan Montes","9/18/2022","New Caledonia","13111","7/10/2023","Trafficker_1","7307","12/3/2022","23487"
"f1afdb65-b289-4224-8ac9-778d8da8eee4","Amber Campbell","4/9/2022","Nauru","23625","6/22/2022","Trafficker_6","27326","6/22/2022","23625"
"614ff3d7-19db-4ad0-9dd1-dfb23b982ef8","Marissa Hernandez","8/4/2022","Argentina","23775","10/15/2022","Trafficker_9","8121","10/15/2022","23775"
"3e351128-7900-47f9-9382-9b43922fe15a","Colton Martinez","9/2/2023","Thailand","616","11/29/2023","Trafficker_9","20224","10/25/2023","24240"
"3e351128-7900-47f9-9382-9b43922fe15a","Colton Martinez","9/2/2023","Thailand","23624","10/25/2023","Trafficker_9","20224","10/25/2023","24240"
"eadf5085-3fcb-4546-8eb2-25790cdb1ca4","Jennifer Sanders","10/21/2023","Holy See (Vatican City State)","24306","10/25/2023","Trafficker_1","12706","10/25/2023","24306"
"9a8dca03-580d-4b71-98f5-64135be6128e","Samantha Campbell","7/25/2022","French Southern Territories","25603","7/19/2023","Trafficker_3","22453","7/19/2023","25603"
"df465290-61ee-411a-9bac-27a7b386f7a4","Lori Lin","1/31/2022","Nigeria","25776","9/7/2023","Trafficker_4","15094","9/7/2023","25776"
"286218b8-48f4-4f12-9e99-53d23e896c64","Sergio Knight","12/7/2022","Iran","25922","6/17/2023","Trafficker_1","21834","6/17/2023","25922"
"ee0caeb5-ecfe-4b99-a790-cebdbfddc3d9","Jordan Bullock","7/3/2022","Guernsey","12968","3/17/2023","Trafficker_6","6429","11/8/2022","26179"
"ee0caeb5-ecfe-4b99-a790-cebdbfddc3d9","Jordan Bullock","7/3/2022","Guernsey","13211","11/8/2022","Trafficker_6","6429","11/8/2022","26179"
"0a8381be-c85a-4a46-90e0-f4a0fbdd3933","Joshua Vance","9/27/2022","Thailand","2487","9/21/2023","Trafficker_8","21891","2/20/2023","27023"
"0a8381be-c85a-4a46-90e0-f4a0fbdd3933","Joshua Vance","9/27/2022","Thailand","24536","2/20/2023","Trafficker_8","21891","2/20/2023","27023"
"5283aac7-bc0a-4a5d-ae99-6e3ee3b137fc","Michele Vaughn","4/14/2023","Liechtenstein","27496","11/22/2023","Trafficker_2","16758","11/22/2023","27496"
"f54ad0a2-e874-46d7-ad66-a1bd93676a02","Deborah Green","10/19/2022","Kiribati","4354","2/11/2023","Trafficker_5","15152","11/25/2022","27497"
"f54ad0a2-e874-46d7-ad66-a1bd93676a02","Deborah Green","10/19/2022","Kiribati","23143","11/25/2022","Trafficker_5","15152","11/25/2022","27497"
"801ef1da-45b1-4d25-b153-3ae8670acc5c","Deborah Washington","2/24/2023","Egypt","9602","11/26/2023","Trafficker_7","11956","7/30/2023","28481"
"801ef1da-45b1-4d25-b153-3ae8670acc5c","Deborah Washington","2/24/2023","Egypt","18879","7/30/2023","Trafficker_7","11956","7/30/2023","28481"
"310c0c00-3fa7-4104-9bf9-0e27dc96925e","Brianna Anderson","5/28/2022","El Salvador","29322","1/19/2023","Trafficker_6","26968","1/19/2023","29322"
"da7b9095-63d6-4a39-80e3-befd4c71e0fe","Carrie Maxwell","11/24/2023","Kyrgyz Republic","29555","12/20/2023","Trafficker_5","26609","12/20/2023","29555"
"ab9099a4-35a2-40ae-9af3-05535ec42e08","Jessica Fox","7/27/2022","Korea","30059","10/6/2023","Trafficker_5","25735","10/6/2023","30059"
"b8a6171f-1ee3-4dc4-bb04-8a8b405bfdc9","Haley Ross PhD","5/30/2022","Malawi","1526","10/21/2023","Trafficker_3","23591","12/12/2022","30542"
"b8a6171f-1ee3-4dc4-bb04-8a8b405bfdc9","Haley Ross PhD","5/30/2022","Malawi","29016","12/12/2022","Trafficker_3","23591","12/12/2022","30542"
"b380c73a-989d-4d4a-a15c-a6664797b2c9","Martin Vargas","11/15/2023","Morocco","2679","12/29/2023","Trafficker_2","24461","12/22/2023","30571"
"b380c73a-989d-4d4a-a15c-a6664797b2c9","Martin Vargas","11/15/2023","Morocco","27892","12/22/2023","Trafficker_2","24461","12/22/2023","30571"
"119c4ea3-e180-4081-9958-a499eeea163e","Phillip Dorsey","11/14/2023","Guernsey","31226","12/2/2023","Trafficker_8","26596","12/2/2023","31226"
"b0cbc61f-3d85-4e89-8217-14298e200724","Angel May","1/5/2023","Montserrat","2486","11/20/2023","Trafficker_9","1123","5/10/2023","31442"
"b0cbc61f-3d85-4e89-8217-14298e200724","Angel May","1/5/2023","Montserrat","28956","5/10/2023","Trafficker_9","1123","5/10/2023","31442"
"6f4cc69a-4b22-4308-9c8e-aee95715bd6f","Tanner Mitchell DDS","5/3/2022","Netherlands","3472","4/7/2023","Trafficker_6","10316","4/7/2023","31516"
"6f4cc69a-4b22-4308-9c8e-aee95715bd6f","Tanner Mitchell DDS","5/3/2022","Netherlands","28044","5/18/2023","Trafficker_6","10316","4/7/2023","31516"
"43f59a85-fbc9-487a-b668-a61794a1875d","Sara Haas","1/30/2022","Belize","31746","8/10/2022","Trafficker_5","16431","8/10/2022","31746"
"c521bf2d-dc45-4539-803f-3538e4855aa1","Dominique Hines","11/19/2023","Faroe Islands","1661","12/30/2023","Trafficker_3","1864","11/27/2023","31748"
"c521bf2d-dc45-4539-803f-3538e4855aa1","Dominique Hines","11/19/2023","Faroe Islands","4525","12/30/2023","Trafficker_3","1864","11/27/2023","31748"
"c521bf2d-dc45-4539-803f-3538e4855aa1","Dominique Hines","11/19/2023","Faroe Islands","25562","11/27/2023","Trafficker_3","1864","11/27/2023","31748"
"ce88cb2d-d4e8-4839-bc3e-058be0f3eab0","Gina Wilson","8/27/2022","Belarus","32003","11/2/2023","Trafficker_2","23895","11/2/2023","32003"
"3a3c563e-4bd6-4ee6-b1b1-b099d52721e7","Phillip Jimenez","10/8/2022","Malawi","13691","12/10/2023","Trafficker_4","11865","11/30/2023","32027"
"3a3c563e-4bd6-4ee6-b1b1-b099d52721e7","Phillip Jimenez","10/8/2022","Malawi","18336","11/30/2023","Trafficker_4","11865","11/30/2023","32027"
"f10c718b-1eb0-438a-a75d-d5af3c365296","Jacqueline Anderson","11/23/2023","Bahamas","32108","12/20/2023","Trafficker_1","10724","12/20/2023","32108"
"3f22faf8-23be-401d-83cf-2fde24933b83","Rebecca Jackson","8/2/2023","Belgium","32388","12/6/2023","Trafficker_2","20228","12/6/2023","32388"
"157d94a1-06f0-48ff-a9ba-5a27907bfe36","Jasmine Beltran","5/15/2023","Luxembourg","33003","6/2/2023","Trafficker_6","1591","6/2/2023","33003"
"98326856-9434-4a03-bf07-f81491d63f78","Kristina Rivera","1/31/2022","British Virgin Islands","3931","11/6/2022","Trafficker_1","26491","11/6/2022","33522"
"98326856-9434-4a03-bf07-f81491d63f78","Kristina Rivera","1/31/2022","British Virgin Islands","29591","10/15/2023","Trafficker_1","26491","11/6/2022","33522"
"45b89cd9-27cb-4f2a-8da0-1097be0f051b","Karla Ramos","8/7/2022","Faroe Islands","33731","3/28/2023","Trafficker_5","16566","3/28/2023","33731"
"e465e150-bd9c-46b3-ad3c-2d6d1a3d1fa7","Michael Martinez","2/28/2023","Niue","33813","5/3/2023","Trafficker_3","23412","5/3/2023","33813"
"6808593f-dfed-4c43-a256-a6dc8f5486b7","Richard Jones","4/28/2023","Norfolk Island","33925","6/25/2023","Trafficker_9","6524","6/25/2023","33925"
"ef7ddc76-b92d-422b-a1df-306f8a0b3c33","Mrs. Stephanie Newman","11/17/2023","Bahamas","4224","12/26/2023","Trafficker_5","26042","11/30/2023","34139"
"ef7ddc76-b92d-422b-a1df-306f8a0b3c33","Mrs. Stephanie Newman","11/17/2023","Bahamas","29915","11/30/2023","Trafficker_5","26042","11/30/2023","34139"
"0822e8f3-6c03-4199-972a-846916419f82","Cynthia Moore","1/24/2022","Mexico","34272","6/12/2023","Trafficker_9","7173","6/12/2023","34272"
"a76afde6-ce9e-4a11-bcbb-4e59fbddcf7c","Cindy Barnes","2/15/2023","Guam","6891","6/25/2023","Trafficker_6","25015","6/25/2023","34723"
"a76afde6-ce9e-4a11-bcbb-4e59fbddcf7c","Cindy Barnes","2/15/2023","Guam","27832","7/5/2023","Trafficker_6","25015","6/25/2023","34723"
"13432e61-1ca3-4448-8279-b6a68f9797b0","Scott Williams","11/17/2023","Andorra","34918","11/21/2023","Trafficker_3","14474","11/21/2023","34918"
"76f72255-c01f-46bf-be6d-d58b7367c28d","Elizabeth Martin","3/19/2023","Vietnam","34933","9/13/2023","Trafficker_10","9861","9/13/2023","34933"
"acdabacc-1165-4210-9854-3881118a9d29","Ronald Davis","11/1/2023","Bhutan","35149","12/28/2023","Trafficker_4","518","12/28/2023","35149"
"439472e6-da58-4e8a-a25d-6b29afffcfd2","Michael Tucker","1/28/2023","Papua New Guinea","35851","4/25/2023","Trafficker_9","7448","4/25/2023","35851"
"edcb8cb6-0692-4c63-9424-aed51bac5c15","Cody Holmes","8/31/2022","United States Minor Outlying Islands","15261","9/2/2022","Trafficker_3","20388","9/2/2022","36372"
"edcb8cb6-0692-4c63-9424-aed51bac5c15","Cody Holmes","8/31/2022","United States Minor Outlying Islands","21111","9/3/2023","Trafficker_3","20388","9/2/2022","36372"
"e4347d51-c158-4092-b335-cba3513a7052","Brenda Mitchell","12/10/2022","Switzerland","36397","6/2/2023","Trafficker_2","13842","6/2/2023","36397"
"ae849217-1d53-434b-b881-39b9ae270da7","Denise Knight","11/19/2023","Poland","7686","11/29/2023","Trafficker_4","27828","11/29/2023","36634"
"ae849217-1d53-434b-b881-39b9ae270da7","Denise Knight","11/19/2023","Poland","28948","12/13/2023","Trafficker_4","27828","11/29/2023","36634"
"122c9a56-01d7-4256-b860-2ab696a402f2","Laurie Barber","7/4/2023","Turks and Caicos Islands","14191","10/2/2023","Trafficker_1","28845","9/9/2023","37488"
"122c9a56-01d7-4256-b860-2ab696a402f2","Laurie Barber","7/4/2023","Turks and Caicos Islands","23297","9/9/2023","Trafficker_1","28845","9/9/2023","37488"
"64de82e6-e82c-4d7b-86e7-45f988bc539c","Jessica Ross","4/5/2023","Kazakhstan","37629","10/31/2023","Trafficker_10","15864","10/31/2023","37629"
"e6697833-b841-40a0-9fe7-71d6d9178793","Teresa Collins","8/22/2022","Honduras","37805","7/11/2023","Trafficker_5","20292","7/11/2023","37805"
"a9488d99-0bbb-4599-91ce-5dd2b45ed1f0","Jennifer Flores","6/27/2022","Lebanon","37879","8/9/2023","Trafficker_6","20093","8/9/2023","37879"
"c715b2b9-c40c-4d91-86fd-e062a33dc7af","David Fowler","2/9/2023","Niger","15004","4/6/2023","Trafficker_3","27035","4/6/2023","38139"
"c715b2b9-c40c-4d91-86fd-e062a33dc7af","David Fowler","2/9/2023","Niger","23135","11/28/2023","Trafficker_3","27035","4/6/2023","38139"
"60e7a113-ec1b-4ca1-b91e-1d4c1ff49b78","Joshua Reed","3/3/2022","Mexico","1720","9/22/2022","Trafficker_4","2893","9/22/2022","38286"
"60e7a113-ec1b-4ca1-b91e-1d4c1ff49b78","Joshua Reed","3/3/2022","Mexico","2383","11/8/2022","Trafficker_4","2893","9/22/2022","38286"
"60e7a113-ec1b-4ca1-b91e-1d4c1ff49b78","Joshua Reed","3/3/2022","Mexico","34183","3/12/2023","Trafficker_4","2893","9/22/2022","38286"
"8441aefd-0299-436a-8e48-522346b98991","Matthew Le","5/29/2022","Netherlands Antilles","7811","12/17/2023","Trafficker_4","9397","11/10/2023","38474"
"8441aefd-0299-436a-8e48-522346b98991","Matthew Le","5/29/2022","Netherlands Antilles","30663","11/10/2023","Trafficker_4","9397","11/10/2023","38474"
"114125c6-3a9b-4dd4-8f12-59e0a18ff6b6","Brett Burns","12/5/2023","Ireland","38605","12/17/2023","Trafficker_5","29297","12/17/2023","38605"
"ec856f37-3bc1-4987-aff8-754d1238d630","Roberto Allen","7/25/2022","Montenegro","39288","10/13/2022","Trafficker_10","18353","10/13/2022","39288"
"c19ad58c-c35b-4c8c-8a4c-9f7f9384ec2b","Brianna Williams","5/17/2022","Zimbabwe","7066","10/6/2023","Trafficker_1","23856","9/14/2022","39362"
"c19ad58c-c35b-4c8c-8a4c-9f7f9384ec2b","Brianna Williams","5/17/2022","Zimbabwe","32296","9/14/2022","Trafficker_1","23856","9/14/2022","39362"
"fcf56188-d32e-4dcd-83bc-9478dd6ac7b8","Randy Pearson","1/1/2022","Djibouti","12182","12/15/2022","Trafficker_2","19467","7/8/2022","39365"
"fcf56188-d32e-4dcd-83bc-9478dd6ac7b8","Randy Pearson","1/1/2022","Djibouti","27183","7/8/2022","Trafficker_2","19467","7/8/2022","39365"
"89c8d2ab-6b44-4a8d-95f2-5073f41402b1","Mrs. Catherine Taylor","8/4/2023","Saint Barthelemy","40041","8/6/2023","Trafficker_5","13779","8/6/2023","40041"
"2e8d0e87-5334-40e6-99d8-0b8d7e8adee7","Blake Gonzalez","1/14/2023","Zimbabwe","40061","12/15/2023","Trafficker_4","8689","12/15/2023","40061"
"c04a96c4-f3b6-4fe1-9184-332417e8392a","Paul Cole","7/2/2022","Marshall Islands","40345","6/25/2023","Trafficker_7","25734","6/25/2023","40345"
"4e2d6645-6dc7-4ac7-bd72-b05096a9954f","James Jensen","3/18/2023","Tajikistan","14067","10/22/2023","Trafficker_5","23837","9/23/2023","40702"
"4e2d6645-6dc7-4ac7-bd72-b05096a9954f","James Jensen","3/18/2023","Tajikistan","26635","9/23/2023","Trafficker_5","23837","9/23/2023","40702"
"1b3dbd5c-e9a1-4a6f-81f7-6d1c2dbc2134","Brent Burton","11/8/2023","Armenia","40794","11/15/2023","Trafficker_3","11166","11/15/2023","40794"
"c5c5b37a-f85e-46a1-9dad-09b252c21221","Victor Morris","11/10/2022","Oman","7864","12/6/2022","Trafficker_3","29118","12/6/2022","41444"
"c5c5b37a-f85e-46a1-9dad-09b252c21221","Victor Morris","11/10/2022","Oman","9083","11/12/2023","Trafficker_3","29118","12/6/2022","41444"
"c5c5b37a-f85e-46a1-9dad-09b252c21221","Victor Morris","11/10/2022","Oman","11111","6/30/2023","Trafficker_3","29118","12/6/2022","41444"
"c5c5b37a-f85e-46a1-9dad-09b252c21221","Victor Morris","11/10/2022","Oman","13386","12/28/2022","Trafficker_3","29118","12/6/2022","41444"
"506e5a9a-b758-488d-ab73-295b344a54b8","Brian Romero","7/5/2022","Cape Verde","41462","8/22/2023","Trafficker_4","18481","8/22/2023","41462"
"dd59ba71-36b8-4481-bb3a-4e3e7c52fa17","Elizabeth Schneider","11/8/2022","Antarctica (the territory South of 60 deg S)","41943","4/26/2023","Trafficker_9","9128","4/26/2023","41943"
"3531968d-c342-4d2b-b295-456e19675f06","Justin Wells Jr.","5/1/2023","Greenland","4208","6/15/2023","Trafficker_9","24997","6/15/2023","42043"
"3531968d-c342-4d2b-b295-456e19675f06","Justin Wells Jr.","5/1/2023","Greenland","37835","9/28/2023","Trafficker_9","24997","6/15/2023","42043"
"b07aa066-7354-45ea-a894-9b8d00af5b3a","Walter Patton","4/7/2023","Singapore","42814","5/29/2023","Trafficker_1","14721","5/29/2023","42814"
"ef48e8d5-50fd-4d3f-85d5-169590b2b633","Michelle Schmitt","7/22/2022","Nepal","42846","12/2/2023","Trafficker_5","21724","12/2/2023","42846"
"0d557b61-8a17-4dfe-bfc0-0dc804f64d86","Heather Bolton","9/29/2022","Falkland Islands (Malvinas)","13705","10/1/2022","Trafficker_4","14106","10/1/2022","42949"
"0d557b61-8a17-4dfe-bfc0-0dc804f64d86","Heather Bolton","9/29/2022","Falkland Islands (Malvinas)","29244","12/14/2023","Trafficker_4","14106","10/1/2022","42949"
"7a0ecfea-958c-49ba-8cd6-20c20ea2622b","Jennifer Wilcox","1/26/2023","Iran","43248","11/18/2023","Trafficker_4","10617","11/18/2023","43248"
"a79ac9aa-9b4e-4c24-9479-e1e6c9277d9b","Nancy Rose","9/8/2022","Panama","43288","11/22/2023","Trafficker_10","10266","11/22/2023","43288"
"c2b6d2c5-fa5d-4100-91b7-e948d0e6e660","Richard Smith","2/18/2023","Martinique","15201","5/30/2023","Trafficker_7","1991","5/30/2023","43606"
"c2b6d2c5-fa5d-4100-91b7-e948d0e6e660","Richard Smith","2/18/2023","Martinique","28405","6/26/2023","Trafficker_7","1991","5/30/2023","43606"
"23b8c1e9-3924-46de-beb1-3b9046685257","Derek Anderson","7/27/2023","France","11055","8/21/2023","Trafficker_5","11122","8/21/2023","43613"
"23b8c1e9-3924-46de-beb1-3b9046685257","Derek Anderson","7/27/2023","France","32558","10/7/2023","Trafficker_5","11122","8/21/2023","43613"
"30beb45f-6835-44f2-8eb8-1f9d7914c120","Anna Lewis","3/15/2022","Northern Mariana Islands","43615","8/23/2023","Trafficker_3","14348","8/23/2023","43615"
"b2b9437a-28df-4ec4-8e4a-2bbdc241330b","Charles Lee","11/25/2022","Nepal","2703","12/28/2023","Trafficker_9","15488","1/30/2023","44110"
"b2b9437a-28df-4ec4-8e4a-2bbdc241330b","Charles Lee","11/25/2022","Nepal","3106","4/21/2023","Trafficker_9","15488","1/30/2023","44110"
"b2b9437a-28df-4ec4-8e4a-2bbdc241330b","Charles Lee","11/25/2022","Nepal","38301","1/30/2023","Trafficker_9","15488","1/30/2023","44110"
"6b8e869f-d538-4b0e-b4f3-193c0ff0a55c","Mark Zavala","10/30/2022","El Salvador","44443","4/19/2023","Trafficker_4","9989","4/19/2023","44443"
"5c9d927d-84b8-41bb-b005-68d20de051a6","Jennifer Monroe","4/29/2023","Vietnam","44588","6/8/2023","Trafficker_7","14916","6/8/2023","44588"
"20ac3703-eb67-446a-b7a6-e17cd72b6108","Sharon Rivera","4/29/2023","British Virgin Islands","3202","6/20/2023","Trafficker_5","5956","6/20/2023","44787"
"20ac3703-eb67-446a-b7a6-e17cd72b6108","Sharon Rivera","4/29/2023","British Virgin Islands","41585","7/31/2023","Trafficker_5","5956","6/20/2023","44787"
"e0c53cb8-3da9-42a9-8ed4-2f1a3d4cbf37","Vincent Dalton","3/17/2023","Saint Kitts and Nevis","3015","12/25/2023","Trafficker_2","8821","12/25/2023","45082"
"e0c53cb8-3da9-42a9-8ed4-2f1a3d4cbf37","Vincent Dalton","3/17/2023","Saint Kitts and Nevis","42067","12/28/2023","Trafficker_2","8821","12/25/2023","45082"
"764414fd-8ae7-49ed-9e8e-de0ba85c6e4a","Miranda Zuniga","11/17/2022","United States Minor Outlying Islands","5556","6/27/2023","Trafficker_5","19395","6/27/2023","45122"
"764414fd-8ae7-49ed-9e8e-de0ba85c6e4a","Miranda Zuniga","11/17/2022","United States Minor Outlying Islands","39566","7/4/2023","Trafficker_5","19395","6/27/2023","45122"
"c754108f-f418-4f3f-8a14-be62295b4715","Carlos Ryan","12/18/2023","Haiti","45651","12/19/2023","Trafficker_10","14985","12/19/2023","45651"
"8c459ce2-67f4-4ad5-8d0b-0d1a91b0e1d9","Cheryl Cooke","10/10/2023","Cape Verde","45666","10/19/2023","Trafficker_2","2356","10/19/2023","45666"
"da09dfa0-5282-4d80-84b5-91f797ac6aa8","Laurie Saunders","7/10/2022","Bulgaria","45847","2/13/2023","Trafficker_10","26243","2/13/2023","45847"
"a9f948b2-4e63-44bb-be49-3f43b118f68d","Elizabeth Sanchez","3/28/2023","Sri Lanka","7235","9/28/2023","Trafficker_9","19886","3/28/2023","45858"
"a9f948b2-4e63-44bb-be49-3f43b118f68d","Elizabeth Sanchez","3/28/2023","Sri Lanka","16505","3/28/2023","Trafficker_9","19886","3/28/2023","45858"
"a9f948b2-4e63-44bb-be49-3f43b118f68d","Elizabeth Sanchez","3/28/2023","Sri Lanka","22118","6/9/2023","Trafficker_9","19886","3/28/2023","45858"
"f8e1daa7-cbce-4bde-aede-db07e623a689","Sandra Gillespie","10/31/2023","Benin","579","11/3/2023","Trafficker_8","887","11/3/2023","46219"
"f8e1daa7-cbce-4bde-aede-db07e623a689","Sandra Gillespie","10/31/2023","Benin","3777","11/13/2023","Trafficker_8","887","11/3/2023","46219"
"f8e1daa7-cbce-4bde-aede-db07e623a689","Sandra Gillespie","10/31/2023","Benin","41863","12/21/2023","Trafficker_8","887","11/3/2023","46219"
"c2dff335-5666-4f9f-93ac-2ab974672cd9","Catherine Carter MD","11/15/2023","Greece","47407","11/22/2023","Trafficker_1","2272","11/22/2023","47407"
"7746d0ba-8ae8-405b-94b4-a48268586eba","Katie Smith","11/19/2022","Tunisia","47421","9/6/2023","Trafficker_1","26465","9/6/2023","47421"
"ab61a7b1-793b-4c32-a050-04943d114802","Amanda Jones","3/30/2022","Slovakia (Slovak Republic)","47638","10/6/2023","Trafficker_5","17678","10/6/2023","47638"
"8dcdcd03-969b-4662-8562-8059568cc69b","Michael Paul","6/28/2022","Yemen","2451","7/4/2022","Trafficker_7","8954","7/4/2022","48282"
"8dcdcd03-969b-4662-8562-8059568cc69b","Michael Paul","6/28/2022","Yemen","5878","10/2/2023","Trafficker_7","8954","7/4/2022","48282"
"8dcdcd03-969b-4662-8562-8059568cc69b","Michael Paul","6/28/2022","Yemen","39953","10/16/2022","Trafficker_7","8954","7/4/2022","48282"
"d9f195d0-1482-4f53-8201-0c62f5f59b22","Troy Mcdaniel","5/25/2022","Lebanon","48631","6/19/2023","Trafficker_9","10753","6/19/2023","48631"
"87ea7ff5-8db0-4746-b927-99735e781fd7","Elizabeth Jones","9/25/2022","Bahamas","1598","8/26/2023","Trafficker_8","20316","2/6/2023","49308"
"87ea7ff5-8db0-4746-b927-99735e781fd7","Elizabeth Jones","9/25/2022","Bahamas","18258","2/6/2023","Trafficker_8","20316","2/6/2023","49308"
"87ea7ff5-8db0-4746-b927-99735e781fd7","Elizabeth Jones","9/25/2022","Bahamas","29452","3/27/2023","Trafficker_8","20316","2/6/2023","49308"
"33173470-38f1-4a81-b87f-2425dbccc477","Jeremiah Harrison","9/27/2023","Niue","49708","11/10/2023","Trafficker_10","11155","11/10/2023","49708"
"7e8f8095-624c-49b6-b244-45a7b7e58481","David Davidson","11/7/2022","Tunisia","49947","8/12/2023","Trafficker_7","19023","8/12/2023","49947"
"c2b01cfd-d045-4d1c-a684-09e3f1f8343e","Joshua Hickman","3/4/2023","Ireland","49979","8/25/2023","Trafficker_3","20147","8/25/2023","49979"
"5a8aaeca-1a50-4ec3-aabc-25fa3fe12e47","Jennifer Collins","8/29/2023","Guadeloupe","15175","11/6/2023","Trafficker_1","1948","11/6/2023","50651"
"5a8aaeca-1a50-4ec3-aabc-25fa3fe12e47","Jennifer Collins","8/29/2023","Guadeloupe","35476","12/17/2023","Trafficker_1","1948","11/6/2023","50651"
"989bc4da-9b37-422b-aa8a-616fc3b290d0","Kathryn Williams","9/7/2023","Burundi","20191","9/20/2023","Trafficker_1","26418","9/20/2023","51330"
"989bc4da-9b37-422b-aa8a-616fc3b290d0","Kathryn Williams","9/7/2023","Burundi","31139","9/30/2023","Trafficker_1","26418","9/20/2023","51330"
"95d82980-ff37-419c-ae76-128b473544f9","Cindy Clayton","12/5/2022","Faroe Islands","10343","11/9/2023","Trafficker_1","20533","9/27/2023","52733"
"95d82980-ff37-419c-ae76-128b473544f9","Cindy Clayton","12/5/2022","Faroe Islands","19966","10/18/2023","Trafficker_1","20533","9/27/2023","52733"
"95d82980-ff37-419c-ae76-128b473544f9","Cindy Clayton","12/5/2022","Faroe Islands","22424","9/27/2023","Trafficker_1","20533","9/27/2023","52733"
"abf3e3fc-2181-4d25-a552-38a643ff5011","Courtney Rodriguez","5/17/2023","Tanzania","6326","11/19/2023","Trafficker_10","19405","5/23/2023","53705"
"abf3e3fc-2181-4d25-a552-38a643ff5011","Courtney Rodriguez","5/17/2023","Tanzania","8987","10/6/2023","Trafficker_10","19405","5/23/2023","53705"
"abf3e3fc-2181-4d25-a552-38a643ff5011","Courtney Rodriguez","5/17/2023","Tanzania","38392","5/23/2023","Trafficker_10","19405","5/23/2023","53705"
"8d7248e2-951f-48d0-9e84-f058d5a804eb","Michelle Butler","4/26/2022","Brazil","8512","2/11/2023","Trafficker_8","12131","9/2/2022","53764"
"8d7248e2-951f-48d0-9e84-f058d5a804eb","Michelle Butler","4/26/2022","Brazil","19763","9/2/2022","Trafficker_8","12131","9/2/2022","53764"
"8d7248e2-951f-48d0-9e84-f058d5a804eb","Michelle Butler","4/26/2022","Brazil","25489","9/22/2023","Trafficker_8","12131","9/2/2022","53764"
"371ecd7b-27cd-4130-8722-9389571aa876","Sherry Shields","8/17/2023","Falkland Islands (Malvinas)","25452","12/14/2023","Trafficker_8","19732","10/30/2023","54158"
"371ecd7b-27cd-4130-8722-9389571aa876","Sherry Shields","8/17/2023","Falkland Islands (Malvinas)","28706","10/30/2023","Trafficker_8","19732","10/30/2023","54158"
"43e42caf-8181-48cc-b691-47eb89a2688b","Sandra Adams","4/13/2022","Cocos (Keeling) Islands","7201","11/27/2022","Trafficker_6","15589","6/19/2022","54595"
"43e42caf-8181-48cc-b691-47eb89a2688b","Sandra Adams","4/13/2022","Cocos (Keeling) Islands","9964","12/11/2023","Trafficker_6","15589","6/19/2022","54595"
"43e42caf-8181-48cc-b691-47eb89a2688b","Sandra Adams","4/13/2022","Cocos (Keeling) Islands","11004","7/10/2022","Trafficker_6","15589","6/19/2022","54595"
"43e42caf-8181-48cc-b691-47eb89a2688b","Sandra Adams","4/13/2022","Cocos (Keeling) Islands","26426","6/19/2022","Trafficker_6","15589","6/19/2022","54595"
"39118497-3a43-42ba-9f0f-06cbcb9bc326","Joel Johnson","1/19/2022","Heard Island and McDonald Islands","18911","7/10/2022","Trafficker_2","15481","7/10/2022","54862"
"39118497-3a43-42ba-9f0f-06cbcb9bc326","Joel Johnson","1/19/2022","Heard Island and McDonald Islands","35951","9/5/2022","Trafficker_2","15481","7/10/2022","54862"
"964db03f-9340-4fad-9c4a-d56bd6016237","Donna Berry","1/17/2022","Mauritius","7867","7/29/2022","Trafficker_6","10606","7/29/2022","56350"
"964db03f-9340-4fad-9c4a-d56bd6016237","Donna Berry","1/17/2022","Mauritius","48483","10/10/2022","Trafficker_6","10606","7/29/2022","56350"
"e43e4288-a2b5-4498-9cb8-5aedf5f62c97","Jackie Lara","10/6/2023","Mexico","6564","11/23/2023","Trafficker_10","1338","10/18/2023","56744"
"e43e4288-a2b5-4498-9cb8-5aedf5f62c97","Jackie Lara","10/6/2023","Mexico","10364","12/13/2023","Trafficker_10","1338","10/18/2023","56744"
"e43e4288-a2b5-4498-9cb8-5aedf5f62c97","Jackie Lara","10/6/2023","Mexico","39816","10/18/2023","Trafficker_10","1338","10/18/2023","56744"
"a491f0b2-ea1f-4a65-a27a-984d654821d0","Jeffrey Sanchez","12/23/2022","Isle of Man","23778","5/22/2023","Trafficker_5","22546","5/22/2023","57301"
"a491f0b2-ea1f-4a65-a27a-984d654821d0","Jeffrey Sanchez","12/23/2022","Isle of Man","33523","9/1/2023","Trafficker_5","22546","5/22/2023","57301"
"f3821cfd-c083-473a-873b-d358610e6a64","Elizabeth Morrison","10/9/2023","Japan","22831","11/20/2023","Trafficker_1","17998","11/20/2023","57364"
"f3821cfd-c083-473a-873b-d358610e6a64","Elizabeth Morrison","10/9/2023","Japan","34533","12/26/2023","Trafficker_1","17998","11/20/2023","57364"
"6c6f7633-a260-4723-97a0-df490d01280f","Eric Clark","10/7/2023","Burundi","25702","12/13/2023","Trafficker_2","28159","10/15/2023","57505"
"6c6f7633-a260-4723-97a0-df490d01280f","Eric Clark","10/7/2023","Burundi","31803","10/15/2023","Trafficker_2","28159","10/15/2023","57505"
"815ef6d1-3b8f-4a18-b7f8-a88b17fc695a","Jason Walker","4/13/2023","Tajikistan","16658","11/9/2023","Trafficker_7","5795","7/16/2023","57709"
"815ef6d1-3b8f-4a18-b7f8-a88b17fc695a","Jason Walker","4/13/2023","Tajikistan","41051","7/16/2023","Trafficker_7","5795","7/16/2023","57709"
"5d65a441-d588-42de-a2bc-372f7412b293","Vincent Rivera","5/7/2022","Bolivia","18566","7/20/2023","Trafficker_7","697","7/20/2023","57792"
"5d65a441-d588-42de-a2bc-372f7412b293","Vincent Rivera","5/7/2022","Bolivia","39226","11/21/2023","Trafficker_7","697","7/20/2023","57792"
"4dd8eb85-b04d-4376-b7fc-97031fd5a423","Raymond Le","6/28/2023","Norway","9409","8/25/2023","Trafficker_6","24031","8/25/2023","58027"
"4dd8eb85-b04d-4376-b7fc-97031fd5a423","Raymond Le","6/28/2023","Norway","9539","11/19/2023","Trafficker_6","24031","8/25/2023","58027"
"4dd8eb85-b04d-4376-b7fc-97031fd5a423","Raymond Le","6/28/2023","Norway","39079","10/11/2023","Trafficker_6","24031","8/25/2023","58027"
"9b3080d5-6fb7-4271-904d-281fc9535b63","Kelly Bishop MD","2/2/2023","United States Virgin Islands","28508","4/28/2023","Trafficker_10","29961","4/28/2023","59011"
"9b3080d5-6fb7-4271-904d-281fc9535b63","Kelly Bishop MD","2/2/2023","United States Virgin Islands","30503","5/1/2023","Trafficker_10","29961","4/28/2023","59011"
"b02b61c4-a3d7-4628-ace6-6fa2fd5166e6","Kimberly Finley","3/9/2023","Nigeria","4278","12/26/2023","Trafficker_4","24327","6/9/2023","59027"
"b02b61c4-a3d7-4628-ace6-6fa2fd5166e6","Kimberly Finley","3/9/2023","Nigeria","18251","6/9/2023","Trafficker_4","24327","6/9/2023","59027"
"b02b61c4-a3d7-4628-ace6-6fa2fd5166e6","Kimberly Finley","3/9/2023","Nigeria","36498","8/10/2023","Trafficker_4","24327","6/9/2023","59027"
"a39231a7-d777-4477-8c66-e0a8a013ac6e","Jeremiah Riley","1/30/2023","Saint Martin","3082","11/17/2023","Trafficker_9","18474","5/31/2023","59144"
"a39231a7-d777-4477-8c66-e0a8a013ac6e","Jeremiah Riley","1/30/2023","Saint Martin","18973","5/31/2023","Trafficker_9","18474","5/31/2023","59144"
"a39231a7-d777-4477-8c66-e0a8a013ac6e","Jeremiah Riley","1/30/2023","Saint Martin","37089","6/6/2023","Trafficker_9","18474","5/31/2023","59144"
"56dc8907-ba6c-44ab-a712-303a0f844fef","Rachel Carlson","9/14/2023","Falkland Islands (Malvinas)","2024","9/28/2023","Trafficker_1","7797","9/28/2023","59164"
"56dc8907-ba6c-44ab-a712-303a0f844fef","Rachel Carlson","9/14/2023","Falkland Islands (Malvinas)","8061","11/18/2023","Trafficker_1","7797","9/28/2023","59164"
"56dc8907-ba6c-44ab-a712-303a0f844fef","Rachel Carlson","9/14/2023","Falkland Islands (Malvinas)","49079","11/11/2023","Trafficker_1","7797","9/28/2023","59164"
"89d7fd6c-ce77-4f00-acf2-7e7685197ff4","Michael Mitchell","6/18/2023","Saint Kitts and Nevis","17609","11/21/2023","Trafficker_3","28331","9/30/2023","59287"
"89d7fd6c-ce77-4f00-acf2-7e7685197ff4","Michael Mitchell","6/18/2023","Saint Kitts and Nevis","41678","9/30/2023","Trafficker_3","28331","9/30/2023","59287"
"2af43ab7-5e6f-4a07-8453-6f1d41992fdf","Meghan Rush","4/16/2023","Holy See (Vatican City State)","10887","11/30/2023","Trafficker_5","1886","7/13/2023","59823"
"2af43ab7-5e6f-4a07-8453-6f1d41992fdf","Meghan Rush","4/16/2023","Holy See (Vatican City State)","48936","7/13/2023","Trafficker_5","1886","7/13/2023","59823"
"7135f221-a6c9-437f-84da-d06a7872bdeb","Hannah Ramos","12/13/2023","Equatorial Guinea","16829","12/21/2023","Trafficker_4","9984","12/13/2023","60116"
"7135f221-a6c9-437f-84da-d06a7872bdeb","Hannah Ramos","12/13/2023","Equatorial Guinea","43287","12/13/2023","Trafficker_4","9984","12/13/2023","60116"
"6c006f61-23e2-4cb4-b2d8-567d894a05e4","Ashley Delacruz","5/23/2022","Bulgaria","17999","7/28/2022","Trafficker_5","10986","7/28/2022","60125"
"6c006f61-23e2-4cb4-b2d8-567d894a05e4","Ashley Delacruz","5/23/2022","Bulgaria","42126","4/5/2023","Trafficker_5","10986","7/28/2022","60125"
"bf3c4c06-4343-48bc-89fa-6a688fb5d27b","Janet Vega","3/31/2023","Luxembourg","27246","8/14/2023","Trafficker_3","18353","4/10/2023","60983"
"bf3c4c06-4343-48bc-89fa-6a688fb5d27b","Janet Vega","3/31/2023","Luxembourg","33737","4/10/2023","Trafficker_3","18353","4/10/2023","60983"
"57c700aa-b7b5-4ea7-b5eb-d32d9ad620ab","Jose Reed","6/8/2022","Bouvet Island (Bouvetoya)","14937","11/27/2023","Trafficker_2","16078","9/14/2023","61753"
"57c700aa-b7b5-4ea7-b5eb-d32d9ad620ab","Jose Reed","6/8/2022","Bouvet Island (Bouvetoya)","46816","9/14/2023","Trafficker_2","16078","9/14/2023","61753"
"d248a9a7-ac1a-4554-83c7-5611ffe3fa49","William Cardenas","7/29/2022","Zimbabwe","3891","11/5/2022","Trafficker_2","24531","11/5/2022","62440"
"d248a9a7-ac1a-4554-83c7-5611ffe3fa49","William Cardenas","7/29/2022","Zimbabwe","10431","9/24/2023","Trafficker_2","24531","11/5/2022","62440"
"d248a9a7-ac1a-4554-83c7-5611ffe3fa49","William Cardenas","7/29/2022","Zimbabwe","48118","12/29/2023","Trafficker_2","24531","11/5/2022","62440"
"939b462d-e645-4129-a29c-2ae31d9af659","Jason Morgan","5/28/2022","Nepal","22562","4/7/2023","Trafficker_2","6832","4/7/2023","62518"
"939b462d-e645-4129-a29c-2ae31d9af659","Jason Morgan","5/28/2022","Nepal","39956","7/31/2023","Trafficker_2","6832","4/7/2023","62518"
"77d21e02-ff01-4f99-988c-24c961b1cd22","Ashley James","2/15/2023","Guinea-Bissau","2159","3/24/2023","Trafficker_1","25126","3/18/2023","62531"
"77d21e02-ff01-4f99-988c-24c961b1cd22","Ashley James","2/15/2023","Guinea-Bissau","21679","10/8/2023","Trafficker_1","25126","3/18/2023","62531"
"77d21e02-ff01-4f99-988c-24c961b1cd22","Ashley James","2/15/2023","Guinea-Bissau","38693","3/18/2023","Trafficker_1","25126","3/18/2023","62531"
"b74d0fb1-32e7-4629-8fad-c1a606cb0fb3","Julia Wilson","5/20/2023","Syrian Arab Republic","23986","5/23/2023","Trafficker_2","10466","5/23/2023","62571"
"b74d0fb1-32e7-4629-8fad-c1a606cb0fb3","Julia Wilson","5/20/2023","Syrian Arab Republic","38585","6/4/2023","Trafficker_2","10466","5/23/2023","62571"
"49c8a43f-7ed7-4ed7-b194-990b6961929e","John Maldonado","5/30/2023","Burundi","17878","8/9/2023","Trafficker_5","24172","8/9/2023","63482"
"49c8a43f-7ed7-4ed7-b194-990b6961929e","John Maldonado","5/30/2023","Burundi","45604","10/24/2023","Trafficker_5","24172","8/9/2023","63482"
"770c7798-37cc-463b-b2a0-345990604f62","Heidi Herring","6/28/2023","Antigua and Barbuda","25843","8/25/2023","Trafficker_7","13155","8/8/2023","63589"
"770c7798-37cc-463b-b2a0-345990604f62","Heidi Herring","6/28/2023","Antigua and Barbuda","37746","8/8/2023","Trafficker_7","13155","8/8/2023","63589"
"bf7b539b-0f9a-4a4b-8acd-4e10bc594585","Michelle Lewis","9/1/2022","Korea","28134","10/26/2023","Trafficker_9","16287","12/18/2022","63650"
"bf7b539b-0f9a-4a4b-8acd-4e10bc594585","Michelle Lewis","9/1/2022","Korea","35516","12/18/2022","Trafficker_9","16287","12/18/2022","63650"
"7631de9d-dde9-4863-a2bd-33886db99102","Holly Salinas","5/22/2022","Ethiopia","10849","9/23/2023","Trafficker_9","7891","1/1/2023","63769"
"7631de9d-dde9-4863-a2bd-33886db99102","Holly Salinas","5/22/2022","Ethiopia","17771","3/15/2023","Trafficker_9","7891","1/1/2023","63769"
"7631de9d-dde9-4863-a2bd-33886db99102","Holly Salinas","5/22/2022","Ethiopia","35149","1/1/2023","Trafficker_9","7891","1/1/2023","63769"
"4c1f55ab-7156-49ee-a893-be3d7354ea6f","Kaylee Murphy","10/31/2023","New Caledonia","23794","11/14/2023","Trafficker_1","28569","11/14/2023","64090"
"4c1f55ab-7156-49ee-a893-be3d7354ea6f","Kaylee Murphy","10/31/2023","New Caledonia","40296","12/6/2023","Trafficker_1","28569","11/14/2023","64090"
"6142ea7d-17be-4111-9a2a-73ed562b0f79","Sarah Morgan","3/17/2022","Solomon Islands","16165","7/1/2022","Trafficker_1","2397","7/1/2022","65202"
"6142ea7d-17be-4111-9a2a-73ed562b0f79","Sarah Morgan","3/17/2022","Solomon Islands","49037","11/29/2022","Trafficker_1","2397","7/1/2022","65202"
"9132b63e-f162-47e4-a9c3-49e03602f8ac","Ashlee Jackson","11/12/2023","French Southern Territories","2974","11/24/2023","Trafficker_6","9066","11/12/2023","65244"
"9132b63e-f162-47e4-a9c3-49e03602f8ac","Ashlee Jackson","11/12/2023","French Southern Territories","4466","11/12/2023","Trafficker_6","9066","11/12/2023","65244"
"9132b63e-f162-47e4-a9c3-49e03602f8ac","Ashlee Jackson","11/12/2023","French Southern Territories","26701","11/18/2023","Trafficker_6","9066","11/12/2023","65244"
"9132b63e-f162-47e4-a9c3-49e03602f8ac","Ashlee Jackson","11/12/2023","French Southern Territories","31103","11/15/2023","Trafficker_6","9066","11/12/2023","65244"
"4d3485c5-c5c1-4eb4-b27b-3d901a16342c","Jill Miller","10/23/2023","Pitcairn Islands","2844","10/31/2023","Trafficker_10","20167","10/28/2023","65339"
"4d3485c5-c5c1-4eb4-b27b-3d901a16342c","Jill Miller","10/23/2023","Pitcairn Islands","6725","10/28/2023","Trafficker_10","20167","10/28/2023","65339"
"4d3485c5-c5c1-4eb4-b27b-3d901a16342c","Jill Miller","10/23/2023","Pitcairn Islands","11562","12/30/2023","Trafficker_10","20167","10/28/2023","65339"
"4d3485c5-c5c1-4eb4-b27b-3d901a16342c","Jill Miller","10/23/2023","Pitcairn Islands","44208","11/1/2023","Trafficker_10","20167","10/28/2023","65339"
"560c95ee-638c-454c-876e-2bba7c5308bf","Virginia Daniels","6/4/2023","El Salvador","3525","12/15/2023","Trafficker_1","7884","9/11/2023","65362"
"560c95ee-638c-454c-876e-2bba7c5308bf","Virginia Daniels","6/4/2023","El Salvador","4943","12/29/2023","Trafficker_1","7884","9/11/2023","65362"
"560c95ee-638c-454c-876e-2bba7c5308bf","Virginia Daniels","6/4/2023","El Salvador","11974","11/2/2023","Trafficker_1","7884","9/11/2023","65362"
"560c95ee-638c-454c-876e-2bba7c5308bf","Virginia Daniels","6/4/2023","El Salvador","12764","9/11/2023","Trafficker_1","7884","9/11/2023","65362"
"560c95ee-638c-454c-876e-2bba7c5308bf","Virginia Daniels","6/4/2023","El Salvador","32156","11/30/2023","Trafficker_1","7884","9/11/2023","65362"
"99546eb4-0025-4ad1-ab22-63dd87c5421e","Susan Rivas","9/9/2022","Equatorial Guinea","2982","12/29/2023","Trafficker_4","29933","11/23/2022","65362"
"99546eb4-0025-4ad1-ab22-63dd87c5421e","Susan Rivas","9/9/2022","Equatorial Guinea","27467","4/26/2023","Trafficker_4","29933","11/23/2022","65362"
"99546eb4-0025-4ad1-ab22-63dd87c5421e","Susan Rivas","9/9/2022","Equatorial Guinea","34913","11/23/2022","Trafficker_4","29933","11/23/2022","65362"
"4d71c366-b41b-4143-8b10-550cd5704f32","Patrick Bonilla","4/21/2023","Bermuda","32508","9/25/2023","Trafficker_2","6515","4/25/2023","65700"
"4d71c366-b41b-4143-8b10-550cd5704f32","Patrick Bonilla","4/21/2023","Bermuda","33192","4/25/2023","Trafficker_2","6515","4/25/2023","65700"
"935f2b0a-a138-4ddc-a2d9-de5d6a18ce4c","Christopher Gonzalez","6/1/2022","Netherlands Antilles","23933","9/17/2022","Trafficker_8","18792","9/17/2022","66500"
"935f2b0a-a138-4ddc-a2d9-de5d6a18ce4c","Christopher Gonzalez","6/1/2022","Netherlands Antilles","42567","12/27/2022","Trafficker_8","18792","9/17/2022","66500"
"6c4a37ea-4906-47f2-b47b-6dbac8fe3ccd","Lee Jones","6/26/2023","Falkland Islands (Malvinas)","357","7/18/2023","Trafficker_9","23882","7/18/2023","66643"
"6c4a37ea-4906-47f2-b47b-6dbac8fe3ccd","Lee Jones","6/26/2023","Falkland Islands (Malvinas)","20465","11/18/2023","Trafficker_9","23882","7/18/2023","66643"
"6c4a37ea-4906-47f2-b47b-6dbac8fe3ccd","Lee Jones","6/26/2023","Falkland Islands (Malvinas)","45821","10/3/2023","Trafficker_9","23882","7/18/2023","66643"
"292bd156-db94-4570-9ac7-0ec0ab8ddeb4","Margaret Williams","9/14/2022","Isle of Man","11944","11/30/2022","Trafficker_4","16626","11/30/2022","67098"
"292bd156-db94-4570-9ac7-0ec0ab8ddeb4","Margaret Williams","9/14/2022","Isle of Man","22485","10/30/2023","Trafficker_4","16626","11/30/2022","67098"
"292bd156-db94-4570-9ac7-0ec0ab8ddeb4","Margaret Williams","9/14/2022","Isle of Man","32669","12/3/2022","Trafficker_4","16626","11/30/2022","67098"
"c84a7b28-550a-4b46-acab-3301bc8f7d29","Peter Jones","12/24/2023","Zambia","24717","12/26/2023","Trafficker_9","7003","12/26/2023","67920"
"c84a7b28-550a-4b46-acab-3301bc8f7d29","Peter Jones","12/24/2023","Zambia","43203","12/28/2023","Trafficker_9","7003","12/26/2023","67920"
"146d3f31-fc37-4a4c-8a15-544dc5e7ce8a","Roberta Hughes","10/27/2023","Panama","23282","12/28/2023","Trafficker_1","23243","12/11/2023","68540"
"146d3f31-fc37-4a4c-8a15-544dc5e7ce8a","Roberta Hughes","10/27/2023","Panama","45258","12/11/2023","Trafficker_1","23243","12/11/2023","68540"
"1223b513-5496-463c-9c11-10c1080aadfb","Diana Vaughn","2/4/2023","Cuba","5293","7/16/2023","Trafficker_3","17692","3/4/2023","68968"
"1223b513-5496-463c-9c11-10c1080aadfb","Diana Vaughn","2/4/2023","Cuba","6109","8/1/2023","Trafficker_3","17692","3/4/2023","68968"
"1223b513-5496-463c-9c11-10c1080aadfb","Diana Vaughn","2/4/2023","Cuba","8044","7/31/2023","Trafficker_3","17692","3/4/2023","68968"
"1223b513-5496-463c-9c11-10c1080aadfb","Diana Vaughn","2/4/2023","Cuba","49522","3/4/2023","Trafficker_3","17692","3/4/2023","68968"
"a6846099-f729-4951-8591-31d2bbda0242","Dr. Kelly Hammond DVM","7/29/2022","Barbados","27852","3/6/2023","Trafficker_4","25164","10/9/2022","69238"
"a6846099-f729-4951-8591-31d2bbda0242","Dr. Kelly Hammond DVM","7/29/2022","Barbados","41386","10/9/2022","Trafficker_4","25164","10/9/2022","69238"
"1247ea4e-2469-48e8-939e-198b44007d5a","Michele Stone","2/16/2022","Moldova","19992","3/31/2022","Trafficker_8","9543","3/31/2022","69734"
"1247ea4e-2469-48e8-939e-198b44007d5a","Michele Stone","2/16/2022","Moldova","49742","8/30/2023","Trafficker_8","9543","3/31/2022","69734"
"3eae0032-0bd4-4990-8640-be0f25b8fd4b","Holly Valentine","1/5/2023","Kazakhstan","17097","3/18/2023","Trafficker_3","20928","2/25/2023","70852"
"3eae0032-0bd4-4990-8640-be0f25b8fd4b","Holly Valentine","1/5/2023","Kazakhstan","25194","2/25/2023","Trafficker_3","20928","2/25/2023","70852"
"3eae0032-0bd4-4990-8640-be0f25b8fd4b","Holly Valentine","1/5/2023","Kazakhstan","28561","3/5/2023","Trafficker_3","20928","2/25/2023","70852"
"6123fdf7-7656-4f72-a9d4-beef3eabedcb","Marie Christian","7/29/2022","Timor-Leste","6753","5/5/2023","Trafficker_2","6146","11/7/2022","71766"
"6123fdf7-7656-4f72-a9d4-beef3eabedcb","Marie Christian","7/29/2022","Timor-Leste","16584","6/2/2023","Trafficker_2","6146","11/7/2022","71766"
"6123fdf7-7656-4f72-a9d4-beef3eabedcb","Marie Christian","7/29/2022","Timor-Leste","48429","11/7/2022","Trafficker_2","6146","11/7/2022","71766"
"50843242-168b-4625-b46f-78910964fbbf","Shirley Alvarez","7/16/2022","Pakistan","31108","4/18/2023","Trafficker_2","24445","7/22/2022","72056"
"50843242-168b-4625-b46f-78910964fbbf","Shirley Alvarez","7/16/2022","Pakistan","40948","7/22/2022","Trafficker_2","24445","7/22/2022","72056"
"f96b648a-0ba6-4ab9-8639-447b2067bdac","Kathy Levy","2/12/2022","Cuba","36637","3/29/2022","Trafficker_4","11793","3/29/2022","74429"
"f96b648a-0ba6-4ab9-8639-447b2067bdac","Kathy Levy","2/12/2022","Cuba","37792","11/18/2022","Trafficker_4","11793","3/29/2022","74429"
"d7c524a5-5304-417f-af42-e12f3838b326","Olivia Brennan","8/20/2023","Argentina","3427","11/5/2023","Trafficker_2","26383","9/24/2023","75421"
"d7c524a5-5304-417f-af42-e12f3838b326","Olivia Brennan","8/20/2023","Argentina","3723","12/17/2023","Trafficker_2","26383","9/24/2023","75421"
"d7c524a5-5304-417f-af42-e12f3838b326","Olivia Brennan","8/20/2023","Argentina","21968","12/18/2023","Trafficker_2","26383","9/24/2023","75421"
"d7c524a5-5304-417f-af42-e12f3838b326","Olivia Brennan","8/20/2023","Argentina","46303","9/24/2023","Trafficker_2","26383","9/24/2023","75421"
"c88a618e-fed4-457d-bb02-6576f512c4c3","Lauren Joseph","3/8/2023","Hong Kong","13421","9/24/2023","Trafficker_4","22824","3/10/2023","75684"
"c88a618e-fed4-457d-bb02-6576f512c4c3","Lauren Joseph","3/8/2023","Hong Kong","18379","3/10/2023","Trafficker_4","22824","3/10/2023","75684"
"c88a618e-fed4-457d-bb02-6576f512c4c3","Lauren Joseph","3/8/2023","Hong Kong","43884","4/30/2023","Trafficker_4","22824","3/10/2023","75684"
"5eddbbbf-a959-4663-adaa-2e688861fe18","Michael Graves","2/23/2022","China","9133","8/6/2022","Trafficker_9","1683","8/6/2022","76775"
"5eddbbbf-a959-4663-adaa-2e688861fe18","Michael Graves","2/23/2022","China","23768","12/27/2023","Trafficker_9","1683","8/6/2022","76775"
"5eddbbbf-a959-4663-adaa-2e688861fe18","Michael Graves","2/23/2022","China","43874","1/1/2023","Trafficker_9","1683","8/6/2022","76775"
"d261a7ab-3aa2-44f9-8e51-f30dc6a7ee39","Cynthia Cohen","1/25/2022","France","3378","9/4/2022","Trafficker_2","14503","9/4/2022","76876"
"d261a7ab-3aa2-44f9-8e51-f30dc6a7ee39","Cynthia Cohen","1/25/2022","France","35685","12/30/2023","Trafficker_2","14503","9/4/2022","76876"
"d261a7ab-3aa2-44f9-8e51-f30dc6a7ee39","Cynthia Cohen","1/25/2022","France","37813","8/17/2023","Trafficker_2","14503","9/4/2022","76876"
"88bd6407-2bcf-4e01-a28d-efe39bf00273","Richard Baker","7/21/2023","Niger","4095","11/25/2023","Trafficker_6","19434","7/26/2023","76975"
"88bd6407-2bcf-4e01-a28d-efe39bf00273","Richard Baker","7/21/2023","Niger","27481","7/26/2023","Trafficker_6","19434","7/26/2023","76975"
"88bd6407-2bcf-4e01-a28d-efe39bf00273","Richard Baker","7/21/2023","Niger","45399","7/27/2023","Trafficker_6","19434","7/26/2023","76975"
"dc5c0eed-8da0-465b-b898-97b9405cacec","Wendy Phillips","1/9/2022","Switzerland","887","5/28/2022","Trafficker_7","11694","4/9/2022","77018"
"dc5c0eed-8da0-465b-b898-97b9405cacec","Wendy Phillips","1/9/2022","Switzerland","3848","4/9/2022","Trafficker_7","11694","4/9/2022","77018"
"dc5c0eed-8da0-465b-b898-97b9405cacec","Wendy Phillips","1/9/2022","Switzerland","4380","8/7/2023","Trafficker_7","11694","4/9/2022","77018"
"dc5c0eed-8da0-465b-b898-97b9405cacec","Wendy Phillips","1/9/2022","Switzerland","11771","2/9/2023","Trafficker_7","11694","4/9/2022","77018"
"dc5c0eed-8da0-465b-b898-97b9405cacec","Wendy Phillips","1/9/2022","Switzerland","21836","4/17/2023","Trafficker_7","11694","4/9/2022","77018"
"dc5c0eed-8da0-465b-b898-97b9405cacec","Wendy Phillips","1/9/2022","Switzerland","34296","12/14/2022","Trafficker_7","11694","4/9/2022","77018"
"dc0f2fcf-b3f6-4e0d-8860-3b32b4fb0eb9","Mark Harvey","12/19/2022","Tajikistan","17471","2/26/2023","Trafficker_8","27989","2/3/2023","77034"
"dc0f2fcf-b3f6-4e0d-8860-3b32b4fb0eb9","Mark Harvey","12/19/2022","Tajikistan","23826","2/3/2023","Trafficker_8","27989","2/3/2023","77034"
"dc0f2fcf-b3f6-4e0d-8860-3b32b4fb0eb9","Mark Harvey","12/19/2022","Tajikistan","35737","11/13/2023","Trafficker_8","27989","2/3/2023","77034"
"85c7504b-c693-4a11-b9c6-a1ca9e50aa42","Regina Stone","10/23/2022","Canada","2136","8/31/2023","Trafficker_10","1451","3/8/2023","77359"
"85c7504b-c693-4a11-b9c6-a1ca9e50aa42","Regina Stone","10/23/2022","Canada","6467","6/4/2023","Trafficker_10","1451","3/8/2023","77359"
"85c7504b-c693-4a11-b9c6-a1ca9e50aa42","Regina Stone","10/23/2022","Canada","18666","3/8/2023","Trafficker_10","1451","3/8/2023","77359"
"85c7504b-c693-4a11-b9c6-a1ca9e50aa42","Regina Stone","10/23/2022","Canada","24531","12/3/2023","Trafficker_10","1451","3/8/2023","77359"
"85c7504b-c693-4a11-b9c6-a1ca9e50aa42","Regina Stone","10/23/2022","Canada","25559","9/28/2023","Trafficker_10","1451","3/8/2023","77359"
"c3fe0183-e172-4725-9b52-ca5805000bc6","Lori Ingram","3/24/2023","Saint Pierre and Miquelon","6078","8/18/2023","Trafficker_4","10573","5/5/2023","77596"
"c3fe0183-e172-4725-9b52-ca5805000bc6","Lori Ingram","3/24/2023","Saint Pierre and Miquelon","24149","10/20/2023","Trafficker_4","10573","5/5/2023","77596"
"c3fe0183-e172-4725-9b52-ca5805000bc6","Lori Ingram","3/24/2023","Saint Pierre and Miquelon","47369","5/5/2023","Trafficker_4","10573","5/5/2023","77596"
"27a0c3d7-7c96-4f79-b7e9-9acaa97065e1","Kerry Chavez DDS","5/28/2022","Bolivia","2293","1/12/2023","Trafficker_7","29879","11/23/2022","77954"
"27a0c3d7-7c96-4f79-b7e9-9acaa97065e1","Kerry Chavez DDS","5/28/2022","Bolivia","33086","12/2/2022","Trafficker_7","29879","11/23/2022","77954"
"27a0c3d7-7c96-4f79-b7e9-9acaa97065e1","Kerry Chavez DDS","5/28/2022","Bolivia","42575","11/23/2022","Trafficker_7","29879","11/23/2022","77954"
"4eea04e7-0ab5-4bde-a0a0-45026e068097","Vincent Jackson","10/11/2022","Yemen","1356","5/9/2023","Trafficker_9","21547","1/19/2023","80057"
"4eea04e7-0ab5-4bde-a0a0-45026e068097","Vincent Jackson","10/11/2022","Yemen","14964","3/29/2023","Trafficker_9","21547","1/19/2023","80057"
"4eea04e7-0ab5-4bde-a0a0-45026e068097","Vincent Jackson","10/11/2022","Yemen","30096","4/1/2023","Trafficker_9","21547","1/19/2023","80057"
"4eea04e7-0ab5-4bde-a0a0-45026e068097","Vincent Jackson","10/11/2022","Yemen","33641","1/19/2023","Trafficker_9","21547","1/19/2023","80057"
"8a476a87-e49d-481d-91d8-7c6455fa1ab8","Jeffrey Mendez","3/4/2022","Dominican Republic","326","12/7/2022","Trafficker_7","25056","5/25/2022","80479"
"8a476a87-e49d-481d-91d8-7c6455fa1ab8","Jeffrey Mendez","3/4/2022","Dominican Republic","16698","7/29/2023","Trafficker_7","25056","5/25/2022","80479"
"8a476a87-e49d-481d-91d8-7c6455fa1ab8","Jeffrey Mendez","3/4/2022","Dominican Republic","28461","5/20/2023","Trafficker_7","25056","5/25/2022","80479"
"8a476a87-e49d-481d-91d8-7c6455fa1ab8","Jeffrey Mendez","3/4/2022","Dominican Republic","34994","5/25/2022","Trafficker_7","25056","5/25/2022","80479"
"3985c3cf-3f76-4e1d-9efa-21977394988f","Audrey Young DDS","2/19/2022","Iceland","5284","4/21/2022","Trafficker_6","7789","4/21/2022","81343"
"3985c3cf-3f76-4e1d-9efa-21977394988f","Audrey Young DDS","2/19/2022","Iceland","14883","8/1/2023","Trafficker_6","7789","4/21/2022","81343"
"3985c3cf-3f76-4e1d-9efa-21977394988f","Audrey Young DDS","2/19/2022","Iceland","25242","10/12/2022","Trafficker_6","7789","4/21/2022","81343"
"3985c3cf-3f76-4e1d-9efa-21977394988f","Audrey Young DDS","2/19/2022","Iceland","35934","10/31/2023","Trafficker_6","7789","4/21/2022","81343"
"8026695f-f8cd-488b-836d-76e2b83cfe0b","Michelle Hopkins","8/15/2023","Taiwan","3201","12/3/2023","Trafficker_8","8572","8/23/2023","81430"
"8026695f-f8cd-488b-836d-76e2b83cfe0b","Michelle Hopkins","8/15/2023","Taiwan","38014","8/23/2023","Trafficker_8","8572","8/23/2023","81430"
"8026695f-f8cd-488b-836d-76e2b83cfe0b","Michelle Hopkins","8/15/2023","Taiwan","40215","11/6/2023","Trafficker_8","8572","8/23/2023","81430"
"1efd76e9-ce37-44af-99b4-9350af2b99b4","Victoria Contreras","9/11/2023","Russian Federation","6665","9/17/2023","Trafficker_6","16625","9/17/2023","81634"
"1efd76e9-ce37-44af-99b4-9350af2b99b4","Victoria Contreras","9/11/2023","Russian Federation","27721","10/17/2023","Trafficker_6","16625","9/17/2023","81634"
"1efd76e9-ce37-44af-99b4-9350af2b99b4","Victoria Contreras","9/11/2023","Russian Federation","47248","10/20/2023","Trafficker_6","16625","9/17/2023","81634"
"badcc32a-c159-4f53-8a0f-4efbedcd465e","Suzanne Walker","6/20/2023","Bahrain","5861","11/18/2023","Trafficker_1","22007","10/23/2023","81998"
"badcc32a-c159-4f53-8a0f-4efbedcd465e","Suzanne Walker","6/20/2023","Bahrain","32392","10/23/2023","Trafficker_1","22007","10/23/2023","81998"
"badcc32a-c159-4f53-8a0f-4efbedcd465e","Suzanne Walker","6/20/2023","Bahrain","43745","12/7/2023","Trafficker_1","22007","10/23/2023","81998"
"ed3049cf-43e4-48fc-a3f2-ae24fc3d3348","Micheal Wallace","9/2/2023","United Arab Emirates","35206","11/3/2023","Trafficker_7","29109","11/3/2023","82690"
"ed3049cf-43e4-48fc-a3f2-ae24fc3d3348","Micheal Wallace","9/2/2023","United Arab Emirates","47484","12/20/2023","Trafficker_7","29109","11/3/2023","82690"
"12a4def0-c4bb-47a9-9988-68dd9c7c7377","Douglas Reyes","12/20/2022","Malta","37602","3/4/2023","Trafficker_5","904","2/13/2023","82827"
"12a4def0-c4bb-47a9-9988-68dd9c7c7377","Douglas Reyes","12/20/2022","Malta","45225","2/13/2023","Trafficker_5","904","2/13/2023","82827"
"de8a774b-cf36-458b-8737-819096da1dac","Ruben Baird","1/6/2022","Ecuador","18702","1/15/2023","Trafficker_9","9971","11/27/2022","83471"
"de8a774b-cf36-458b-8737-819096da1dac","Ruben Baird","1/6/2022","Ecuador","21598","11/27/2022","Trafficker_9","9971","11/27/2022","83471"
"de8a774b-cf36-458b-8737-819096da1dac","Ruben Baird","1/6/2022","Ecuador","43171","9/7/2023","Trafficker_9","9971","11/27/2022","83471"
"4767d76c-162f-4a24-af43-613cd4aac9a3","Thomas Brown","11/16/2023","British Virgin Islands","5153","11/29/2023","Trafficker_2","16385","11/29/2023","85828"
"4767d76c-162f-4a24-af43-613cd4aac9a3","Thomas Brown","11/16/2023","British Virgin Islands","35312","12/20/2023","Trafficker_2","16385","11/29/2023","85828"
"4767d76c-162f-4a24-af43-613cd4aac9a3","Thomas Brown","11/16/2023","British Virgin Islands","45363","12/7/2023","Trafficker_2","16385","11/29/2023","85828"
"e87d1c78-e7c4-41c7-8049-7b717d106c60","Daniel Joyce","10/20/2023","Azerbaijan","5428","12/1/2023","Trafficker_9","25901","10/25/2023","86410"
"e87d1c78-e7c4-41c7-8049-7b717d106c60","Daniel Joyce","10/20/2023","Azerbaijan","21917","11/13/2023","Trafficker_9","25901","10/25/2023","86410"
"e87d1c78-e7c4-41c7-8049-7b717d106c60","Daniel Joyce","10/20/2023","Azerbaijan","25208","10/25/2023","Trafficker_9","25901","10/25/2023","86410"
"e87d1c78-e7c4-41c7-8049-7b717d106c60","Daniel Joyce","10/20/2023","Azerbaijan","33857","10/26/2023","Trafficker_9","25901","10/25/2023","86410"
"1337739e-8d4f-4d27-ac7f-0b793d67cde9","Shelby Soto","5/2/2022","Nauru","12366","7/19/2022","Trafficker_5","15896","7/19/2022","88689"
"1337739e-8d4f-4d27-ac7f-0b793d67cde9","Shelby Soto","5/2/2022","Nauru","16765","11/9/2022","Trafficker_5","15896","7/19/2022","88689"
"1337739e-8d4f-4d27-ac7f-0b793d67cde9","Shelby Soto","5/2/2022","Nauru","26286","8/19/2022","Trafficker_5","15896","7/19/2022","88689"
"1337739e-8d4f-4d27-ac7f-0b793d67cde9","Shelby Soto","5/2/2022","Nauru","33272","7/13/2023","Trafficker_5","15896","7/19/2022","88689"
"8ce6424d-bef5-4fe6-bf23-3d5f6cedd15d","Jason Marshall","9/14/2022","Guam","26396","10/18/2023","Trafficker_9","15669","5/29/2023","88775"
"8ce6424d-bef5-4fe6-bf23-3d5f6cedd15d","Jason Marshall","9/14/2022","Guam","27083","5/29/2023","Trafficker_9","15669","5/29/2023","88775"
"8ce6424d-bef5-4fe6-bf23-3d5f6cedd15d","Jason Marshall","9/14/2022","Guam","35296","8/31/2023","Trafficker_9","15669","5/29/2023","88775"
"35ce8841-4973-4d6c-8dca-bfb7001a9a8b","Ryan Garcia","11/30/2022","Sierra Leone","16082","1/28/2023","Trafficker_3","11809","1/28/2023","89514"
"35ce8841-4973-4d6c-8dca-bfb7001a9a8b","Ryan Garcia","11/30/2022","Sierra Leone","35587","3/15/2023","Trafficker_3","11809","1/28/2023","89514"
"35ce8841-4973-4d6c-8dca-bfb7001a9a8b","Ryan Garcia","11/30/2022","Sierra Leone","37845","6/3/2023","Trafficker_3","11809","1/28/2023","89514"
"acf5e81e-7131-4269-b118-e36477097749","Ralph Anderson","6/15/2022","Honduras","3548","1/13/2023","Trafficker_6","1009","1/13/2023","89672"
"acf5e81e-7131-4269-b118-e36477097749","Ralph Anderson","6/15/2022","Honduras","38451","7/9/2023","Trafficker_6","1009","1/13/2023","89672"
"acf5e81e-7131-4269-b118-e36477097749","Ralph Anderson","6/15/2022","Honduras","47673","1/27/2023","Trafficker_6","1009","1/13/2023","89672"
"43dac043-2a45-42ab-8cbf-edb0f264accc","Samantha Bentley","2/14/2023","Botswana","8945","8/17/2023","Trafficker_8","18228","4/4/2023","90595"
"43dac043-2a45-42ab-8cbf-edb0f264accc","Samantha Bentley","2/14/2023","Botswana","23857","4/16/2023","Trafficker_8","18228","4/4/2023","90595"
"43dac043-2a45-42ab-8cbf-edb0f264accc","Samantha Bentley","2/14/2023","Botswana","24991","11/17/2023","Trafficker_8","18228","4/4/2023","90595"
"43dac043-2a45-42ab-8cbf-edb0f264accc","Samantha Bentley","2/14/2023","Botswana","32802","4/4/2023","Trafficker_8","18228","4/4/2023","90595"
"19985f15-ff00-4d4d-9020-59e4ff9ab5c2","Megan Hawkins","2/26/2022","Netherlands","2140","8/27/2023","Trafficker_2","21475","10/17/2022","90744"
"19985f15-ff00-4d4d-9020-59e4ff9ab5c2","Megan Hawkins","2/26/2022","Netherlands","10613","9/10/2023","Trafficker_2","21475","10/17/2022","90744"
"19985f15-ff00-4d4d-9020-59e4ff9ab5c2","Megan Hawkins","2/26/2022","Netherlands","35057","11/27/2023","Trafficker_2","21475","10/17/2022","90744"
"19985f15-ff00-4d4d-9020-59e4ff9ab5c2","Megan Hawkins","2/26/2022","Netherlands","42934","10/17/2022","Trafficker_2","21475","10/17/2022","90744"
"26242b40-a5cb-43a2-b98d-1ca68b6870b5","Tami Salas","12/7/2023","Saint Pierre and Miquelon","14837","12/7/2023","Trafficker_7","8392","12/7/2023","93967"
"26242b40-a5cb-43a2-b98d-1ca68b6870b5","Tami Salas","12/7/2023","Saint Pierre and Miquelon","35657","12/19/2023","Trafficker_7","8392","12/7/2023","93967"
"26242b40-a5cb-43a2-b98d-1ca68b6870b5","Tami Salas","12/7/2023","Saint Pierre and Miquelon","43473","12/16/2023","Trafficker_7","8392","12/7/2023","93967"
"e64d1bcb-7027-43a1-9f98-7c71a65e688e","Charles Shah","2/7/2023","Gabon","46528","10/11/2023","Trafficker_9","23772","7/5/2023","94155"
"e64d1bcb-7027-43a1-9f98-7c71a65e688e","Charles Shah","2/7/2023","Gabon","47627","7/5/2023","Trafficker_9","23772","7/5/2023","94155"
"3c07c574-4925-4af1-b6aa-e05b13d5f2f7","Lynn Andrews","7/31/2022","Saint Barthelemy","45932","1/31/2023","Trafficker_6","2456","1/31/2023","94698"
"3c07c574-4925-4af1-b6aa-e05b13d5f2f7","Lynn Andrews","7/31/2022","Saint Barthelemy","48766","10/27/2023","Trafficker_6","2456","1/31/2023","94698"
"10714d51-36c5-4dac-b4d7-e28e271e3ee2","Andrea Fox","11/19/2022","Macedonia","1066","2/12/2023","Trafficker_2","14564","1/25/2023","94909"
"10714d51-36c5-4dac-b4d7-e28e271e3ee2","Andrea Fox","11/19/2022","Macedonia","3285","6/11/2023","Trafficker_2","14564","1/25/2023","94909"
"10714d51-36c5-4dac-b4d7-e28e271e3ee2","Andrea Fox","11/19/2022","Macedonia","15834","2/16/2023","Trafficker_2","14564","1/25/2023","94909"
"10714d51-36c5-4dac-b4d7-e28e271e3ee2","Andrea Fox","11/19/2022","Macedonia","19787","1/25/2023","Trafficker_2","14564","1/25/2023","94909"
"10714d51-36c5-4dac-b4d7-e28e271e3ee2","Andrea Fox","11/19/2022","Macedonia","23675","5/11/2023","Trafficker_2","14564","1/25/2023","94909"
"10714d51-36c5-4dac-b4d7-e28e271e3ee2","Andrea Fox","11/19/2022","Macedonia","31262","3/10/2023","Trafficker_2","14564","1/25/2023","94909"
"cd29a36f-2222-42e1-b4da-aebf1f115b76","Zachary Brooks","12/27/2022","Antarctica (the territory South of 60 deg S)","15124","10/24/2023","Trafficker_1","27473","1/13/2023","96584"
"cd29a36f-2222-42e1-b4da-aebf1f115b76","Zachary Brooks","12/27/2022","Antarctica (the territory South of 60 deg S)","15853","11/18/2023","Trafficker_1","27473","1/13/2023","96584"
"cd29a36f-2222-42e1-b4da-aebf1f115b76","Zachary Brooks","12/27/2022","Antarctica (the territory South of 60 deg S)","24135","1/13/2023","Trafficker_1","27473","1/13/2023","96584"
"cd29a36f-2222-42e1-b4da-aebf1f115b76","Zachary Brooks","12/27/2022","Antarctica (the territory South of 60 deg S)","41472","8/10/2023","Trafficker_1","27473","1/13/2023","96584"
"2c8d0e44-e71e-43a6-bf85-bf0ead64b56c","Christopher Lewis","4/24/2023","Yemen","19557","5/2/2023","Trafficker_3","11612","5/2/2023","96827"
"2c8d0e44-e71e-43a6-bf85-bf0ead64b56c","Christopher Lewis","4/24/2023","Yemen","28492","5/12/2023","Trafficker_3","11612","5/2/2023","96827"
"2c8d0e44-e71e-43a6-bf85-bf0ead64b56c","Christopher Lewis","4/24/2023","Yemen","48778","10/3/2023","Trafficker_3","11612","5/2/2023","96827"
"610461e3-2a25-4888-8f02-bad0e7067ef4","John Morales","1/2/2022","Poland","17517","1/24/2022","Trafficker_9","26811","1/24/2022","97339"
"610461e3-2a25-4888-8f02-bad0e7067ef4","John Morales","1/2/2022","Poland","30173","3/15/2022","Trafficker_9","26811","1/24/2022","97339"
"610461e3-2a25-4888-8f02-bad0e7067ef4","John Morales","1/2/2022","Poland","49649","9/12/2022","Trafficker_9","26811","1/24/2022","97339"
"a56c0941-fbf2-4050-a748-dbcfac619e63","Daniel Kane","3/18/2022","Greenland","12919","4/8/2023","Trafficker_10","13104","11/12/2022","97591"
"a56c0941-fbf2-4050-a748-dbcfac619e63","Daniel Kane","3/18/2022","Greenland","14031","11/14/2022","Trafficker_10","13104","11/12/2022","97591"
"a56c0941-fbf2-4050-a748-dbcfac619e63","Daniel Kane","3/18/2022","Greenland","29165","11/12/2022","Trafficker_10","13104","11/12/2022","97591"
"a56c0941-fbf2-4050-a748-dbcfac619e63","Daniel Kane","3/18/2022","Greenland","41476","11/19/2023","Trafficker_10","13104","11/12/2022","97591"
"b540b30e-039f-4a25-8d61-68bd2defe193","Shawn Jimenez","2/19/2023","Bermuda","4062","12/27/2023","Trafficker_2","22839","8/18/2023","99156"
"b540b30e-039f-4a25-8d61-68bd2defe193","Shawn Jimenez","2/19/2023","Bermuda","17831","8/22/2023","Trafficker_2","22839","8/18/2023","99156"
"b540b30e-039f-4a25-8d61-68bd2defe193","Shawn Jimenez","2/19/2023","Bermuda","33595","8/18/2023","Trafficker_2","22839","8/18/2023","99156"
"b540b30e-039f-4a25-8d61-68bd2defe193","Shawn Jimenez","2/19/2023","Bermuda","43668","11/28/2023","Trafficker_2","22839","8/18/2023","99156"
"7de31a51-6694-4343-90ba-58e3d2762bdc","Jonathan Duran","2/27/2022","Fiji","4625","10/12/2022","Trafficker_6","18565","8/3/2022","99705"
"7de31a51-6694-4343-90ba-58e3d2762bdc","Jonathan Duran","2/27/2022","Fiji","11244","8/3/2022","Trafficker_6","18565","8/3/2022","99705"
"7de31a51-6694-4343-90ba-58e3d2762bdc","Jonathan Duran","2/27/2022","Fiji","13223","8/26/2023","Trafficker_6","18565","8/3/2022","99705"
"7de31a51-6694-4343-90ba-58e3d2762bdc","Jonathan Duran","2/27/2022","Fiji","33936","5/30/2023","Trafficker_6","18565","8/3/2022","99705"
"7de31a51-6694-4343-90ba-58e3d2762bdc","Jonathan Duran","2/27/2022","Fiji","36677","9/7/2022","Trafficker_6","18565","8/3/2022","99705"
"dc8aee30-be60-43f7-a8be-9288e5af6e39","Chase Bentley","1/4/2023","Netherlands","5603","8/27/2023","Trafficker_3","28144","1/30/2023","102652"
"dc8aee30-be60-43f7-a8be-9288e5af6e39","Chase Bentley","1/4/2023","Netherlands","48172","1/30/2023","Trafficker_3","28144","1/30/2023","102652"
"dc8aee30-be60-43f7-a8be-9288e5af6e39","Chase Bentley","1/4/2023","Netherlands","48877","10/21/2023","Trafficker_3","28144","1/30/2023","102652"
"72bb912d-7da6-4785-b63b-4dc3a559e463","Daniel Armstrong","9/8/2023","Nicaragua","26371","11/27/2023","Trafficker_2","16412","9/13/2023","103713"
"72bb912d-7da6-4785-b63b-4dc3a559e463","Daniel Armstrong","9/8/2023","Nicaragua","33024","9/13/2023","Trafficker_2","16412","9/13/2023","103713"
"72bb912d-7da6-4785-b63b-4dc3a559e463","Daniel Armstrong","9/8/2023","Nicaragua","44318","11/6/2023","Trafficker_2","16412","9/13/2023","103713"
"ccc56569-f9e8-4369-a999-b735dd56cc94","Tyler Brewer","9/22/2023","Cameroon","2713","10/9/2023","Trafficker_10","1692","10/2/2023","103955"
"ccc56569-f9e8-4369-a999-b735dd56cc94","Tyler Brewer","9/22/2023","Cameroon","6825","11/15/2023","Trafficker_10","1692","10/2/2023","103955"
"ccc56569-f9e8-4369-a999-b735dd56cc94","Tyler Brewer","9/22/2023","Cameroon","9161","10/20/2023","Trafficker_10","1692","10/2/2023","103955"
"ccc56569-f9e8-4369-a999-b735dd56cc94","Tyler Brewer","9/22/2023","Cameroon","10711","12/14/2023","Trafficker_10","1692","10/2/2023","103955"
"ccc56569-f9e8-4369-a999-b735dd56cc94","Tyler Brewer","9/22/2023","Cameroon","26023","12/8/2023","Trafficker_10","1692","10/2/2023","103955"
"ccc56569-f9e8-4369-a999-b735dd56cc94","Tyler Brewer","9/22/2023","Cameroon","48522","10/2/2023","Trafficker_10","1692","10/2/2023","103955"
"b00805cc-a7f3-4ae9-a5c7-3c443e75c3b4","Timothy Dawson","1/5/2022","Malaysia","21234","2/20/2023","Trafficker_2","6881","2/20/2023","105542"
"b00805cc-a7f3-4ae9-a5c7-3c443e75c3b4","Timothy Dawson","1/5/2022","Malaysia","40622","9/6/2023","Trafficker_2","6881","2/20/2023","105542"
"b00805cc-a7f3-4ae9-a5c7-3c443e75c3b4","Timothy Dawson","1/5/2022","Malaysia","43686","7/21/2023","Trafficker_2","6881","2/20/2023","105542"
"49e2623d-ebd3-4616-91b7-8d8ed3016989","Julia Patel","12/8/2022","Mauritius","11318","4/26/2023","Trafficker_4","16367","1/23/2023","106762"
"49e2623d-ebd3-4616-91b7-8d8ed3016989","Julia Patel","12/8/2022","Mauritius","45816","1/23/2023","Trafficker_4","16367","1/23/2023","106762"
"49e2623d-ebd3-4616-91b7-8d8ed3016989","Julia Patel","12/8/2022","Mauritius","49628","9/22/2023","Trafficker_4","16367","1/23/2023","106762"
"53cd6268-610c-4373-8299-9aa40cdf742b","Monica Miller","6/14/2022","Netherlands Antilles","27252","7/28/2022","Trafficker_10","9752","7/28/2022","107609"
"53cd6268-610c-4373-8299-9aa40cdf742b","Monica Miller","6/14/2022","Netherlands Antilles","36611","5/16/2023","Trafficker_10","9752","7/28/2022","107609"
"53cd6268-610c-4373-8299-9aa40cdf742b","Monica Miller","6/14/2022","Netherlands Antilles","43746","4/29/2023","Trafficker_10","9752","7/28/2022","107609"
"a8499b92-6b52-42e3-94fc-dd549e8fc965","Shane Pugh","3/30/2023","Jamaica","7638","4/15/2023","Trafficker_2","17854","4/15/2023","107722"
"a8499b92-6b52-42e3-94fc-dd549e8fc965","Shane Pugh","3/30/2023","Jamaica","23832","6/28/2023","Trafficker_2","17854","4/15/2023","107722"
"a8499b92-6b52-42e3-94fc-dd549e8fc965","Shane Pugh","3/30/2023","Jamaica","37524","8/31/2023","Trafficker_2","17854","4/15/2023","107722"
"a8499b92-6b52-42e3-94fc-dd549e8fc965","Shane Pugh","3/30/2023","Jamaica","38728","11/5/2023","Trafficker_2","17854","4/15/2023","107722"
"e6b3c944-cb32-4e35-b922-bac282dc4c8e","Christopher Schwartz","9/11/2023","Niger","7739","12/7/2023","Trafficker_5","17635","9/22/2023","108374"
"e6b3c944-cb32-4e35-b922-bac282dc4c8e","Christopher Schwartz","9/11/2023","Niger","19365","10/14/2023","Trafficker_5","17635","9/22/2023","108374"
"e6b3c944-cb32-4e35-b922-bac282dc4c8e","Christopher Schwartz","9/11/2023","Niger","39345","10/5/2023","Trafficker_5","17635","9/22/2023","108374"
"e6b3c944-cb32-4e35-b922-bac282dc4c8e","Christopher Schwartz","9/11/2023","Niger","41925","9/22/2023","Trafficker_5","17635","9/22/2023","108374"
"6651529e-8268-490b-a438-25b559e4b671","Rebecca Huang","6/12/2023","Korea","29446","7/14/2023","Trafficker_4","21743","7/14/2023","108716"
"6651529e-8268-490b-a438-25b559e4b671","Rebecca Huang","6/12/2023","Korea","30329","9/2/2023","Trafficker_4","21743","7/14/2023","108716"
"6651529e-8268-490b-a438-25b559e4b671","Rebecca Huang","6/12/2023","Korea","48941","7/24/2023","Trafficker_4","21743","7/14/2023","108716"
"e3c43657-1d8c-4bac-83b4-09ef2260e70f","Amber Miller","3/25/2022","Kenya","13699","9/1/2022","Trafficker_3","15547","4/1/2022","109254"
"e3c43657-1d8c-4bac-83b4-09ef2260e70f","Amber Miller","3/25/2022","Kenya","46844","4/9/2023","Trafficker_3","15547","4/1/2022","109254"
"e3c43657-1d8c-4bac-83b4-09ef2260e70f","Amber Miller","3/25/2022","Kenya","48711","4/1/2022","Trafficker_3","15547","4/1/2022","109254"
"15b52908-a8aa-4158-ab70-e525bc67f831","Carol Kim","8/9/2022","Isle of Man","12211","9/4/2023","Trafficker_5","27633","12/20/2022","110025"
"15b52908-a8aa-4158-ab70-e525bc67f831","Carol Kim","8/9/2022","Isle of Man","12833","12/20/2022","Trafficker_5","27633","12/20/2022","110025"
"15b52908-a8aa-4158-ab70-e525bc67f831","Carol Kim","8/9/2022","Isle of Man","36762","1/25/2023","Trafficker_5","27633","12/20/2022","110025"
"15b52908-a8aa-4158-ab70-e525bc67f831","Carol Kim","8/9/2022","Isle of Man","48219","5/9/2023","Trafficker_5","27633","12/20/2022","110025"
"3805f907-6cd6-4193-8746-8f591b494e15","Jose Guerra","5/17/2022","Bermuda","31809","1/16/2023","Trafficker_6","19563","7/24/2022","111849"
"3805f907-6cd6-4193-8746-8f591b494e15","Jose Guerra","5/17/2022","Bermuda","37462","7/24/2022","Trafficker_6","19563","7/24/2022","111849"
"3805f907-6cd6-4193-8746-8f591b494e15","Jose Guerra","5/17/2022","Bermuda","42578","10/6/2023","Trafficker_6","19563","7/24/2022","111849"
"bcae8081-bdf0-40aa-b0b5-156bb82c9074","Tracey Morrison","6/5/2023","Canada","12386","12/8/2023","Trafficker_2","26982","8/20/2023","113517"
"bcae8081-bdf0-40aa-b0b5-156bb82c9074","Tracey Morrison","6/5/2023","Canada","24931","12/9/2023","Trafficker_2","26982","8/20/2023","113517"
"bcae8081-bdf0-40aa-b0b5-156bb82c9074","Tracey Morrison","6/5/2023","Canada","36605","8/20/2023","Trafficker_2","26982","8/20/2023","113517"
"bcae8081-bdf0-40aa-b0b5-156bb82c9074","Tracey Morrison","6/5/2023","Canada","39595","8/27/2023","Trafficker_2","26982","8/20/2023","113517"
"0db95301-afbb-411a-a123-5a8c93b7a886","Lisa Carr","4/28/2022","Brunei Darussalam","4082","9/1/2022","Trafficker_7","6557","9/1/2022","118284"
"0db95301-afbb-411a-a123-5a8c93b7a886","Lisa Carr","4/28/2022","Brunei Darussalam","28139","12/24/2023","Trafficker_7","6557","9/1/2022","118284"
"0db95301-afbb-411a-a123-5a8c93b7a886","Lisa Carr","4/28/2022","Brunei Darussalam","37671","9/17/2023","Trafficker_7","6557","9/1/2022","118284"
"0db95301-afbb-411a-a123-5a8c93b7a886","Lisa Carr","4/28/2022","Brunei Darussalam","48392","5/15/2023","Trafficker_7","6557","9/1/2022","118284"
"2f32751e-5738-411d-b0c2-903f7a8d03aa","Pamela Diaz","2/9/2022","Iran","25646","8/3/2022","Trafficker_3","2266","3/11/2022","119749"
"2f32751e-5738-411d-b0c2-903f7a8d03aa","Pamela Diaz","2/9/2022","Iran","46596","3/11/2022","Trafficker_3","2266","3/11/2022","119749"
"2f32751e-5738-411d-b0c2-903f7a8d03aa","Pamela Diaz","2/9/2022","Iran","47507","3/29/2023","Trafficker_3","2266","3/11/2022","119749"
"11e9cdaa-6e69-41a3-9d3d-9e563270e4fa","Kevin Thomas","5/31/2023","Guernsey","14335","8/29/2023","Trafficker_6","12125","6/15/2023","122518"
"11e9cdaa-6e69-41a3-9d3d-9e563270e4fa","Kevin Thomas","5/31/2023","Guernsey","26184","8/2/2023","Trafficker_6","12125","6/15/2023","122518"
"11e9cdaa-6e69-41a3-9d3d-9e563270e4fa","Kevin Thomas","5/31/2023","Guernsey","37744","6/15/2023","Trafficker_6","12125","6/15/2023","122518"
"11e9cdaa-6e69-41a3-9d3d-9e563270e4fa","Kevin Thomas","5/31/2023","Guernsey","44255","7/16/2023","Trafficker_6","12125","6/15/2023","122518"
"96fc734d-a003-4d28-8a8f-3653c9af18f8","Ashley Smith","5/29/2023","Germany","7791","12/20/2023","Trafficker_7","19797","9/20/2023","123314"
"96fc734d-a003-4d28-8a8f-3653c9af18f8","Ashley Smith","5/29/2023","Germany","20412","12/24/2023","Trafficker_7","19797","9/20/2023","123314"
"96fc734d-a003-4d28-8a8f-3653c9af18f8","Ashley Smith","5/29/2023","Germany","27755","10/29/2023","Trafficker_7","19797","9/20/2023","123314"
"96fc734d-a003-4d28-8a8f-3653c9af18f8","Ashley Smith","5/29/2023","Germany","30203","10/22/2023","Trafficker_7","19797","9/20/2023","123314"
"96fc734d-a003-4d28-8a8f-3653c9af18f8","Ashley Smith","5/29/2023","Germany","37153","9/20/2023","Trafficker_7","19797","9/20/2023","123314"
"3764fbda-3108-4448-af65-fafab0ae8f08","Charles Williams","7/28/2023","Yemen","3795","11/24/2023","Trafficker_4","25997","9/17/2023","126072"
"3764fbda-3108-4448-af65-fafab0ae8f08","Charles Williams","7/28/2023","Yemen","33244","11/13/2023","Trafficker_4","25997","9/17/2023","126072"
"3764fbda-3108-4448-af65-fafab0ae8f08","Charles Williams","7/28/2023","Yemen","43062","9/17/2023","Trafficker_4","25997","9/17/2023","126072"
"3764fbda-3108-4448-af65-fafab0ae8f08","Charles Williams","7/28/2023","Yemen","45971","10/13/2023","Trafficker_4","25997","9/17/2023","126072"
"8498e113-b227-462c-b53d-4330cdda24ba","Courtney Hayes","12/27/2022","Guernsey","20532","11/26/2023","Trafficker_3","15745","4/21/2023","126882"
"8498e113-b227-462c-b53d-4330cdda24ba","Courtney Hayes","12/27/2022","Guernsey","25129","12/18/2023","Trafficker_3","15745","4/21/2023","126882"
"8498e113-b227-462c-b53d-4330cdda24ba","Courtney Hayes","12/27/2022","Guernsey","38309","4/21/2023","Trafficker_3","15745","4/21/2023","126882"
"8498e113-b227-462c-b53d-4330cdda24ba","Courtney Hayes","12/27/2022","Guernsey","42912","6/8/2023","Trafficker_3","15745","4/21/2023","126882"
"10435a10-98ae-4334-ac12-ace8ae340454","Joyce Turner","10/26/2022","Hungary","16831","12/23/2022","Trafficker_1","10726","11/2/2022","129033"
"10435a10-98ae-4334-ac12-ace8ae340454","Joyce Turner","10/26/2022","Hungary","18269","10/21/2023","Trafficker_1","10726","11/2/2022","129033"
"10435a10-98ae-4334-ac12-ace8ae340454","Joyce Turner","10/26/2022","Hungary","18587","11/2/2022","Trafficker_1","10726","11/2/2022","129033"
"10435a10-98ae-4334-ac12-ace8ae340454","Joyce Turner","10/26/2022","Hungary","33568","10/16/2023","Trafficker_1","10726","11/2/2022","129033"
"10435a10-98ae-4334-ac12-ace8ae340454","Joyce Turner","10/26/2022","Hungary","41778","6/24/2023","Trafficker_1","10726","11/2/2022","129033"
"f2311f17-9586-4a76-8511-55ffe7a37e81","Heather Jones","6/25/2023","Dominican Republic","3237","12/2/2023","Trafficker_8","13741","10/9/2023","129819"
"f2311f17-9586-4a76-8511-55ffe7a37e81","Heather Jones","6/25/2023","Dominican Republic","28363","10/14/2023","Trafficker_8","13741","10/9/2023","129819"
"f2311f17-9586-4a76-8511-55ffe7a37e81","Heather Jones","6/25/2023","Dominican Republic","48343","10/9/2023","Trafficker_8","13741","10/9/2023","129819"
"f2311f17-9586-4a76-8511-55ffe7a37e81","Heather Jones","6/25/2023","Dominican Republic","49876","10/27/2023","Trafficker_8","13741","10/9/2023","129819"
"ce7ae7f6-3982-4cff-8f77-a665ac3c5640","Vincent Mueller","6/4/2022","United Kingdom","3343","6/24/2022","Trafficker_1","5089","6/24/2022","129945"
"ce7ae7f6-3982-4cff-8f77-a665ac3c5640","Vincent Mueller","6/4/2022","United Kingdom","12626","10/11/2023","Trafficker_1","5089","6/24/2022","129945"
"ce7ae7f6-3982-4cff-8f77-a665ac3c5640","Vincent Mueller","6/4/2022","United Kingdom","31296","7/29/2023","Trafficker_1","5089","6/24/2022","129945"
"ce7ae7f6-3982-4cff-8f77-a665ac3c5640","Vincent Mueller","6/4/2022","United Kingdom","41284","12/14/2023","Trafficker_1","5089","6/24/2022","129945"
"ce7ae7f6-3982-4cff-8f77-a665ac3c5640","Vincent Mueller","6/4/2022","United Kingdom","41396","8/22/2022","Trafficker_1","5089","6/24/2022","129945"
"0ef8c2d6-f7fd-4646-b7bb-3eec4bf50b52","Ashley Pena","3/26/2023","Turkey","39766","4/21/2023","Trafficker_6","15953","4/21/2023","130745"
"0ef8c2d6-f7fd-4646-b7bb-3eec4bf50b52","Ashley Pena","3/26/2023","Turkey","42706","11/2/2023","Trafficker_6","15953","4/21/2023","130745"
"0ef8c2d6-f7fd-4646-b7bb-3eec4bf50b52","Ashley Pena","3/26/2023","Turkey","48273","6/1/2023","Trafficker_6","15953","4/21/2023","130745"
"6cd5e859-32a4-47b2-af04-e57dcdccc33a","Jason Harris","3/31/2022","Macao","23251","9/25/2022","Trafficker_1","7099","5/13/2022","133511"
"6cd5e859-32a4-47b2-af04-e57dcdccc33a","Jason Harris","3/31/2022","Macao","25503","2/2/2023","Trafficker_1","7099","5/13/2022","133511"
"6cd5e859-32a4-47b2-af04-e57dcdccc33a","Jason Harris","3/31/2022","Macao","41875","5/13/2022","Trafficker_1","7099","5/13/2022","133511"
"6cd5e859-32a4-47b2-af04-e57dcdccc33a","Jason Harris","3/31/2022","Macao","42882","6/9/2022","Trafficker_1","7099","5/13/2022","133511"
"f6f7f0cc-29ec-4e49-91bd-b8c0c71d5e60","Matthew Wright","8/30/2022","Brazil","17823","9/12/2022","Trafficker_7","21933","9/7/2022","136679"
"f6f7f0cc-29ec-4e49-91bd-b8c0c71d5e60","Matthew Wright","8/30/2022","Brazil","36564","11/25/2022","Trafficker_7","21933","9/7/2022","136679"
"f6f7f0cc-29ec-4e49-91bd-b8c0c71d5e60","Matthew Wright","8/30/2022","Brazil","40747","7/22/2023","Trafficker_7","21933","9/7/2022","136679"
"f6f7f0cc-29ec-4e49-91bd-b8c0c71d5e60","Matthew Wright","8/30/2022","Brazil","41545","9/7/2022","Trafficker_7","21933","9/7/2022","136679"
"8dedf9fb-4bb0-4f20-b27c-40266703b636","Nancy Jennings","4/9/2022","Mali","12129","2/1/2023","Trafficker_9","12484","8/23/2022","145409"
"8dedf9fb-4bb0-4f20-b27c-40266703b636","Nancy Jennings","4/9/2022","Mali","21238","11/3/2023","Trafficker_9","12484","8/23/2022","145409"
"8dedf9fb-4bb0-4f20-b27c-40266703b636","Nancy Jennings","4/9/2022","Mali","29165","11/5/2023","Trafficker_9","12484","8/23/2022","145409"
"8dedf9fb-4bb0-4f20-b27c-40266703b636","Nancy Jennings","4/9/2022","Mali","35743","11/3/2022","Trafficker_9","12484","8/23/2022","145409"
"8dedf9fb-4bb0-4f20-b27c-40266703b636","Nancy Jennings","4/9/2022","Mali","47134","8/23/2022","Trafficker_9","12484","8/23/2022","145409"
"6fa17735-b572-43d0-8b5c-ea6a41357e8c","Mark Cook","1/2/2022","Greenland","2961","8/25/2022","Trafficker_4","17647","4/20/2022","147425"
"6fa17735-b572-43d0-8b5c-ea6a41357e8c","Mark Cook","1/2/2022","Greenland","9417","7/5/2022","Trafficker_4","17647","4/20/2022","147425"
"6fa17735-b572-43d0-8b5c-ea6a41357e8c","Mark Cook","1/2/2022","Greenland","19785","1/16/2023","Trafficker_4","17647","4/20/2022","147425"
"6fa17735-b572-43d0-8b5c-ea6a41357e8c","Mark Cook","1/2/2022","Greenland","29557","6/25/2023","Trafficker_4","17647","4/20/2022","147425"
"6fa17735-b572-43d0-8b5c-ea6a41357e8c","Mark Cook","1/2/2022","Greenland","41814","6/20/2023","Trafficker_4","17647","4/20/2022","147425"
"6fa17735-b572-43d0-8b5c-ea6a41357e8c","Mark Cook","1/2/2022","Greenland","43891","4/20/2022","Trafficker_4","17647","4/20/2022","147425"
"a0ee89ae-d453-4d32-8b0d-bb418d5288f1","Jamie Cantu","4/26/2023","Trinidad and Tobago","7194","12/12/2023","Trafficker_6","7555","5/19/2023","147561"
"a0ee89ae-d453-4d32-8b0d-bb418d5288f1","Jamie Cantu","4/26/2023","Trinidad and Tobago","22407","9/22/2023","Trafficker_6","7555","5/19/2023","147561"
"a0ee89ae-d453-4d32-8b0d-bb418d5288f1","Jamie Cantu","4/26/2023","Trinidad and Tobago","24584","9/10/2023","Trafficker_6","7555","5/19/2023","147561"
"a0ee89ae-d453-4d32-8b0d-bb418d5288f1","Jamie Cantu","4/26/2023","Trinidad and Tobago","46205","12/28/2023","Trafficker_6","7555","5/19/2023","147561"
"a0ee89ae-d453-4d32-8b0d-bb418d5288f1","Jamie Cantu","4/26/2023","Trinidad and Tobago","47171","5/19/2023","Trafficker_6","7555","5/19/2023","147561"
"663f1c97-9562-49f0-a5d7-b8756dadd6c7","Briana Murray","10/9/2022","Equatorial Guinea","13486","10/28/2023","Trafficker_4","9085","12/31/2022","149541"
"663f1c97-9562-49f0-a5d7-b8756dadd6c7","Briana Murray","10/9/2022","Equatorial Guinea","27484","10/28/2023","Trafficker_4","9085","12/31/2022","149541"
"663f1c97-9562-49f0-a5d7-b8756dadd6c7","Briana Murray","10/9/2022","Equatorial Guinea","28321","4/13/2023","Trafficker_4","9085","12/31/2022","149541"
"663f1c97-9562-49f0-a5d7-b8756dadd6c7","Briana Murray","10/9/2022","Equatorial Guinea","31198","12/31/2022","Trafficker_4","9085","12/31/2022","149541"
"663f1c97-9562-49f0-a5d7-b8756dadd6c7","Briana Murray","10/9/2022","Equatorial Guinea","49052","9/6/2023","Trafficker_4","9085","12/31/2022","149541"
"464c04af-3d3f-4799-a072-95e97c0e8cd8","Brian Stein","12/8/2022","Nauru","33701","12/26/2023","Trafficker_1","9484","2/1/2023","150453"
"464c04af-3d3f-4799-a072-95e97c0e8cd8","Brian Stein","12/8/2022","Nauru","34166","2/1/2023","Trafficker_1","9484","2/1/2023","150453"
"464c04af-3d3f-4799-a072-95e97c0e8cd8","Brian Stein","12/8/2022","Nauru","37222","12/27/2023","Trafficker_1","9484","2/1/2023","150453"
"464c04af-3d3f-4799-a072-95e97c0e8cd8","Brian Stein","12/8/2022","Nauru","45364","9/25/2023","Trafficker_1","9484","2/1/2023","150453"
"0c0fd195-c17a-408a-9745-d6d87e570ddf","Megan Moore","10/31/2023","Kenya","3660","12/24/2023","Trafficker_9","1049","11/10/2023","151768"
"0c0fd195-c17a-408a-9745-d6d87e570ddf","Megan Moore","10/31/2023","Kenya","12637","12/25/2023","Trafficker_9","1049","11/10/2023","151768"
"0c0fd195-c17a-408a-9745-d6d87e570ddf","Megan Moore","10/31/2023","Kenya","25533","12/20/2023","Trafficker_9","1049","11/10/2023","151768"
"0c0fd195-c17a-408a-9745-d6d87e570ddf","Megan Moore","10/31/2023","Kenya","31452","11/10/2023","Trafficker_9","1049","11/10/2023","151768"
"0c0fd195-c17a-408a-9745-d6d87e570ddf","Megan Moore","10/31/2023","Kenya","34525","11/18/2023","Trafficker_9","1049","11/10/2023","151768"
"0c0fd195-c17a-408a-9745-d6d87e570ddf","Megan Moore","10/31/2023","Kenya","43961","11/21/2023","Trafficker_9","1049","11/10/2023","151768"
"a6f2f7b8-0cf3-4b58-9910-8be58ce21ea3","Nichole Alvarez","2/24/2023","Slovakia (Slovak Republic)","22367","8/6/2023","Trafficker_8","25401","5/2/2023","156310"
"a6f2f7b8-0cf3-4b58-9910-8be58ce21ea3","Nichole Alvarez","2/24/2023","Slovakia (Slovak Republic)","40965","8/9/2023","Trafficker_8","25401","5/2/2023","156310"
"a6f2f7b8-0cf3-4b58-9910-8be58ce21ea3","Nichole Alvarez","2/24/2023","Slovakia (Slovak Republic)","43753","5/2/2023","Trafficker_8","25401","5/2/2023","156310"
"a6f2f7b8-0cf3-4b58-9910-8be58ce21ea3","Nichole Alvarez","2/24/2023","Slovakia (Slovak Republic)","49225","5/7/2023","Trafficker_8","25401","5/2/2023","156310"
"baa4b71a-dd24-47ac-b78e-edb3693dffbc","Rachel Harris DVM","2/12/2022","Mexico","22737","4/25/2023","Trafficker_9","27962","3/19/2022","166948"
"baa4b71a-dd24-47ac-b78e-edb3693dffbc","Rachel Harris DVM","2/12/2022","Mexico","27638","3/19/2022","Trafficker_9","27962","3/19/2022","166948"
"baa4b71a-dd24-47ac-b78e-edb3693dffbc","Rachel Harris DVM","2/12/2022","Mexico","28085","11/23/2023","Trafficker_9","27962","3/19/2022","166948"
"baa4b71a-dd24-47ac-b78e-edb3693dffbc","Rachel Harris DVM","2/12/2022","Mexico","39919","11/13/2023","Trafficker_9","27962","3/19/2022","166948"
"baa4b71a-dd24-47ac-b78e-edb3693dffbc","Rachel Harris DVM","2/12/2022","Mexico","48569","1/27/2023","Trafficker_9","27962","3/19/2022","166948"
"8babce3b-2628-4bfb-a767-dceab0e6a969","Blake Edwards","1/28/2022","Japan","6761","7/15/2023","Trafficker_7","1163","5/10/2022","215642"
"8babce3b-2628-4bfb-a767-dceab0e6a969","Blake Edwards","1/28/2022","Japan","17541","3/4/2023","Trafficker_7","1163","5/10/2022","215642"
"8babce3b-2628-4bfb-a767-dceab0e6a969","Blake Edwards","1/28/2022","Japan","29183","11/3/2022","Trafficker_7","1163","5/10/2022","215642"
"8babce3b-2628-4bfb-a767-dceab0e6a969","Blake Edwards","1/28/2022","Japan","32213","7/5/2023","Trafficker_7","1163","5/10/2022","215642"
"8babce3b-2628-4bfb-a767-dceab0e6a969","Blake Edwards","1/28/2022","Japan","40711","7/17/2022","Trafficker_7","1163","5/10/2022","215642"
"8babce3b-2628-4bfb-a767-dceab0e6a969","Blake Edwards","1/28/2022","Japan","42885","5/10/2022","Trafficker_7","1163","5/10/2022","215642"
"8babce3b-2628-4bfb-a767-dceab0e6a969","Blake Edwards","1/28/2022","Japan","46348","1/8/2023","Trafficker_7","1163","5/10/2022","215642"
