player_id,name,registration_date,country
23b8c1e9-3924-46de-beb1-3b9046685257,Derek Anderson,2023-07-27,France
e465e150-bd9c-46b3-ad3c-2d6d1a3d1fa7,Michael Martinez,2023-02-28,Niue
0822e8f3-6c03-4199-972a-846916419f82,Cynthia Moore,2022-01-24,Mexico
815ef6d1-3b8f-4a18-b7f8-a88b17fc695a,Jason Walker,2023-04-13,Tajikistan
b74d0fb1-32e7-4629-8fad-c1a606cb0fb3,Julia Wilson,2023-05-20,Syrian Arab Republic
386ecbe0-6b65-46a4-8b81-48f6b38a088c,Timothy Carter,2022-12-15,Romania
de8a774b-cf36-458b-8737-819096da1dac,Ruben Baird,2022-01-06,Ecuador
b2b9437a-28df-4ec4-8e4a-2bbdc241330b,Charles Lee,2022-11-25,Nepal
371ecd7b-27cd-4130-8722-9389571aa876,Sherry Shields,2023-08-17,Falkland Islands (Malvinas)
6142ea7d-17be-4111-9a2a-73ed562b0f79,Sarah Morgan,2022-03-17,Solomon Islands
9a8dca03-580d-4b71-98f5-64135be6128e,Samantha Campbell,2022-07-25,French Southern Territories
759cde66-bacf-43d0-8b1f-9163ce9ff57f,Lauren Keller,2023-02-21,Tonga
60e7a113-ec1b-4ca1-b91e-1d4c1ff49b78,Joshua Reed,2022-03-03,Mexico
a0ee89ae-d453-4d32-8b0d-bb418d5288f1,Jamie Cantu,2023-04-26,Trinidad and Tobago
93cd59bf-5c94-4cf0-9c98-d2c1e2acf72f,Michael Armstrong,2022-05-30,Djibouti
a9488d99-0bbb-4599-91ce-5dd2b45ed1f0,Jennifer Flores,2022-06-27,Lebanon
146d3f31-fc37-4a4c-8a15-544dc5e7ce8a,Roberta Hughes,2023-10-27,Panama
614ff3d7-19db-4ad0-9dd1-dfb23b982ef8,Marissa Hernandez,2022-08-04,Argentina
5d65a441-d588-42de-a2bc-372f7412b293,Vincent Rivera,2022-05-07,Bolivia
ab9099a4-35a2-40ae-9af3-05535ec42e08,Jessica Fox,2022-07-27,Korea
a5e5a5ab-aefc-4ad8-afc8-9849b3aa7efe,Charles Pitts,2022-02-25,Cape Verde
88bd6407-2bcf-4e01-a28d-efe39bf00273,Richard Baker,2023-07-21,Niger
6123fdf7-7656-4f72-a9d4-beef3eabedcb,Marie Christian,2022-07-29,Timor-Leste
b02b61c4-a3d7-4628-ace6-6fa2fd5166e6,Kimberly Finley,2023-03-09,Nigeria
d7c524a5-5304-417f-af42-e12f3838b326,Olivia Brennan,2023-08-20,Argentina
d261a7ab-3aa2-44f9-8e51-f30dc6a7ee39,Cynthia Cohen,2022-01-25,France
448aaa9e-66b2-4c5b-90c1-87fcce177b4e,Nicole Hamilton MD,2022-02-21,Norfolk Island
9132b63e-f162-47e4-a9c3-49e03602f8ac,Ashlee Jackson,2023-11-12,French Southern Territories
a7cad415-366e-416f-908e-bad7b7c93acf,Amber Flynn,2023-01-23,French Polynesia
a491f0b2-ea1f-4a65-a27a-984d654821d0,Jeffrey Sanchez,2022-12-23,Isle of Man
3f22faf8-23be-401d-83cf-2fde24933b83,Rebecca Jackson,2023-08-02,Belgium
bf3c4c06-4343-48bc-89fa-6a688fb5d27b,Janet Vega,2023-03-31,Luxembourg
663f1c97-9562-49f0-a5d7-b8756dadd6c7,Briana Murray,2022-10-09,Equatorial Guinea
2369b584-ff5e-4ff0-bf50-bde4382567b8,Michael Nolan,2023-01-31,Lao People's Democratic Republic
0c0fd195-c17a-408a-9745-d6d87e570ddf,Megan Moore,2023-10-31,Kenya
28f49481-a0a0-4dc4-a720-9bdf1c11f735,Victoria Evans,2023-09-08,Jamaica
10435a10-98ae-4334-ac12-ace8ae340454,Joyce Turner,2022-10-26,Hungary
77d21e02-ff01-4f99-988c-24c961b1cd22,Ashley James,2023-02-15,Guinea-Bissau
dc5c0eed-8da0-465b-b898-97b9405cacec,Wendy Phillips,2022-01-09,Switzerland
ae849217-1d53-434b-b881-39b9ae270da7,Denise Knight,2023-11-19,Poland
c4c2e2e3-444e-47c8-8039-87108976e334,Valerie Lozano,2023-05-13,Samoa
6f4cc69a-4b22-4308-9c8e-aee95715bd6f,Tanner Mitchell DDS,2022-05-03,Netherlands
b8db0672-f42d-47cc-80d4-af5974273ca3,Colleen Lee,2023-11-12,El Salvador
8026695f-f8cd-488b-836d-76e2b83cfe0b,Michelle Hopkins,2023-08-15,Taiwan
1b3dbd5c-e9a1-4a6f-81f7-6d1c2dbc2134,Brent Burton,2023-11-08,Armenia
a39231a7-d777-4477-8c66-e0a8a013ac6e,Jeremiah Riley,2023-01-30,Saint Martin
5fb8d16c-2720-497d-b2eb-d6899be578c7,Theodore Murphy,2023-08-16,Israel
c754108f-f418-4f3f-8a14-be62295b4715,Carlos Ryan,2023-12-18,Haiti
99546eb4-0025-4ad1-ab22-63dd87c5421e,Susan Rivas,2022-09-09,Equatorial Guinea
edd96831-1ca3-4cfb-84fc-6d827d154385,Terry Coffey,2022-10-09,French Polynesia
ce88cb2d-d4e8-4839-bc3e-058be0f3eab0,Gina Wilson,2022-08-27,Belarus
e0c53cb8-3da9-42a9-8ed4-2f1a3d4cbf37,Vincent Dalton,2023-03-17,Saint Kitts and Nevis
bb5e4bcf-15ed-4269-9429-6c07f26b4776,Jennifer Singleton,2023-01-13,Micronesia
c2b6d2c5-fa5d-4100-91b7-e948d0e6e660,Richard Smith,2023-02-18,Martinique
a8e56e0c-20de-435d-a031-d750c40db9b4,Jacob Curry,2023-01-05,Estonia
43dac043-2a45-42ab-8cbf-edb0f264accc,Samantha Bentley,2023-02-14,Botswana
f6e07cc0-6c52-449f-9b49-bd26df57c59a,Kaitlyn Harvey,2022-06-14,Western Sahara
badcc32a-c159-4f53-8a0f-4efbedcd465e,Suzanne Walker,2023-06-20,Bahrain
66245bfa-4fcc-439a-b683-d2e6337ea2df,Julie Haynes,2023-06-06,Pakistan
e64d1bcb-7027-43a1-9f98-7c71a65e688e,Charles Shah,2023-02-07,Gabon
3985c3cf-3f76-4e1d-9efa-21977394988f,Audrey Young DDS,2022-02-19,Iceland
8dcdcd03-969b-4662-8562-8059568cc69b,Michael Paul,2022-06-28,Yemen
122c9a56-01d7-4256-b860-2ab696a402f2,Laurie Barber,2023-07-04,Turks and Caicos Islands
114125c6-3a9b-4dd4-8f12-59e0a18ff6b6,Brett Burns,2023-12-05,Ireland
1223b513-5496-463c-9c11-10c1080aadfb,Diana Vaughn,2023-02-04,Cuba
7c441fe7-ab42-40a7-874a-493b3ceddf2d,Trevor Foley,2022-06-16,Bolivia
ef7ddc76-b92d-422b-a1df-306f8a0b3c33,Mrs. Stephanie Newman,2023-11-17,Bahamas
3e351128-7900-47f9-9382-9b43922fe15a,Colton Martinez,2023-09-02,Thailand
30beb45f-6835-44f2-8eb8-1f9d7914c120,Anna Lewis,2022-03-15,Northern Mariana Islands
5ab33edf-6e59-4ed3-a8b3-17fa18d0752b,Alison Buchanan,2022-11-26,Ecuador
baa4b71a-dd24-47ac-b78e-edb3693dffbc,Rachel Harris DVM,2022-02-12,Mexico
a56c0941-fbf2-4050-a748-dbcfac619e63,Daniel Kane,2022-03-18,Greenland
56dc8907-ba6c-44ab-a712-303a0f844fef,Rachel Carlson,2023-09-14,Falkland Islands (Malvinas)
310c0c00-3fa7-4104-9bf9-0e27dc96925e,Brianna Anderson,2022-05-28,El Salvador
6c006f61-23e2-4cb4-b2d8-567d894a05e4,Ashley Delacruz,2022-05-23,Bulgaria
dfde4fbf-3ff3-40bf-b66e-cb15474ebc19,Richard Young,2023-12-19,Gibraltar
dc815fe7-ceda-4bbb-b171-0434134c6c92,Derek Martinez,2023-10-27,Italy
a6f2f7b8-0cf3-4b58-9910-8be58ce21ea3,Nichole Alvarez,2023-02-24,Slovakia (Slovak Republic)
17e011b7-f810-4383-83c7-2ba8d605e770,Kevin Hayes,2023-12-21,Cyprus
2a935d62-3c83-4dc0-9944-1fa5c0e9ab30,Amanda Logan,2022-11-12,Tonga
dd59ba71-36b8-4481-bb3a-4e3e7c52fa17,Elizabeth Schneider,2022-11-08,Antarctica (the territory South of 60 deg S)
610461e3-2a25-4888-8f02-bad0e7067ef4,John Morales,2022-01-02,Poland
ed3049cf-43e4-48fc-a3f2-ae24fc3d3348,Micheal Wallace,2023-09-02,United Arab Emirates
6c4a37ea-4906-47f2-b47b-6dbac8fe3ccd,Lee Jones,2023-06-26,Falkland Islands (Malvinas)
c88a618e-fed4-457d-bb02-6576f512c4c3,Lauren Joseph,2023-03-08,Hong Kong
27a0c3d7-7c96-4f79-b7e9-9acaa97065e1,Kerry Chavez DDS,2022-05-28,Bolivia
0ef8c2d6-f7fd-4646-b7bb-3eec4bf50b52,Ashley Pena,2023-03-26,Turkey
bf7b539b-0f9a-4a4b-8acd-4e10bc594585,Michelle Lewis,2022-09-01,Korea
7a0ecfea-958c-49ba-8cd6-20c20ea2622b,Jennifer Wilcox,2023-01-26,Iran
284d82e5-87f7-41fb-9a4b-d9caeb5cf467,Brandon Simmons,2022-02-14,Papua New Guinea
d9f195d0-1482-4f53-8201-0c62f5f59b22,Troy Mcdaniel,2022-05-25,Lebanon
acdabacc-1165-4210-9854-3881118a9d29,Ronald Davis,2023-11-01,Bhutan
f10c718b-1eb0-438a-a75d-d5af3c365296,Jacqueline Anderson,2023-11-23,Bahamas
98326856-9434-4a03-bf07-f81491d63f78,Kristina Rivera,2022-01-31,British Virgin Islands
a8499b92-6b52-42e3-94fc-dd549e8fc965,Shane Pugh,2023-03-30,Jamaica
ef48e8d5-50fd-4d3f-85d5-169590b2b633,Michelle Schmitt,2022-07-22,Nepal
506e5a9a-b758-488d-ab73-295b344a54b8,Brian Romero,2022-07-05,Cape Verde
abf3e3fc-2181-4d25-a552-38a643ff5011,Courtney Rodriguez,2023-05-17,Tanzania
edd4253b-50f0-4d0a-b50c-ab754ccc9bc2,Ashley Ramirez,2023-08-07,Czech Republic
75523327-0262-4f73-9292-2f83ef8c485b,Sarah Villegas,2023-04-28,Svalbard & Jan Mayen Islands
19985f15-ff00-4d4d-9020-59e4ff9ab5c2,Megan Hawkins,2022-02-26,Netherlands
43e42caf-8181-48cc-b691-47eb89a2688b,Sandra Adams,2022-04-13,Cocos (Keeling) Islands
119c4ea3-e180-4081-9958-a499eeea163e,Phillip Dorsey,2023-11-14,Guernsey
286218b8-48f4-4f12-9e99-53d23e896c64,Sergio Knight,2022-12-07,Iran
4d71c366-b41b-4143-8b10-550cd5704f32,Patrick Bonilla,2023-04-21,Bermuda
a76afde6-ce9e-4a11-bcbb-4e59fbddcf7c,Cindy Barnes,2023-02-15,Guam
8dfa6a56-d12d-4c9a-aaf9-15310200b1f0,Eric Nguyen,2022-08-21,Western Sahara
f05db76e-1a84-451a-a9d3-d7c7ee87905e,Angela Williams,2023-11-14,Cayman Islands
e3c43657-1d8c-4bac-83b4-09ef2260e70f,Amber Miller,2022-03-25,Kenya
45b89cd9-27cb-4f2a-8da0-1097be0f051b,Karla Ramos,2022-08-07,Faroe Islands
57c700aa-b7b5-4ea7-b5eb-d32d9ad620ab,Jose Reed,2022-06-08,Bouvet Island (Bouvetoya)
439472e6-da58-4e8a-a25d-6b29afffcfd2,Michael Tucker,2023-01-28,Papua New Guinea
e87d1c78-e7c4-41c7-8049-7b717d106c60,Daniel Joyce,2023-10-20,Azerbaijan
6c6f7633-a260-4723-97a0-df490d01280f,Eric Clark,2023-10-07,Burundi
5563f616-00e8-4ece-8b49-452d46d483f3,Donna Wilson,2023-08-22,Luxembourg
430f801d-fad4-49e2-a319-dcb4217d65a0,Casey James,2022-05-06,Romania
b4a69f3c-8d3a-4d99-b11c-21c9bdc14f1f,Justin Barnett,2022-11-29,Guinea
13432e61-1ca3-4448-8279-b6a68f9797b0,Scott Williams,2023-11-17,Andorra
8babce3b-2628-4bfb-a767-dceab0e6a969,Blake Edwards,2022-01-28,Japan
8d7248e2-951f-48d0-9e84-f058d5a804eb,Michelle Butler,2022-04-26,Brazil
4eea04e7-0ab5-4bde-a0a0-45026e068097,Vincent Jackson,2022-10-11,Yemen
f8e1daa7-cbce-4bde-aede-db07e623a689,Sandra Gillespie,2023-10-31,Benin
35c7936c-5b99-42c6-a61f-ecc00a368ce7,Brian Graham,2023-06-14,Iran
5a8aaeca-1a50-4ec3-aabc-25fa3fe12e47,Jennifer Collins,2023-08-29,Guadeloupe
6808593f-dfed-4c43-a256-a6dc8f5486b7,Richard Jones,2023-04-28,Norfolk Island
ee0caeb5-ecfe-4b99-a790-cebdbfddc3d9,Jordan Bullock,2022-07-03,Guernsey
ccc56569-f9e8-4369-a999-b735dd56cc94,Tyler Brewer,2023-09-22,Cameroon
0658663a-698c-406f-a1a4-7e102d534dd0,Charles Gonzalez,2022-05-20,Netherlands Antilles
c84a7b28-550a-4b46-acab-3301bc8f7d29,Peter Jones,2023-12-24,Zambia
dd334cc7-ab7f-489a-8d5f-4822696608aa,Kathleen Webster,2023-07-25,Senegal
28c13091-444d-410b-bf87-e362cf8d446a,Melanie Macias,2023-09-04,Norway
df465290-61ee-411a-9bac-27a7b386f7a4,Lori Lin,2022-01-31,Nigeria
33173470-38f1-4a81-b87f-2425dbccc477,Jeremiah Harrison,2023-09-27,Niue
4e20fd1a-5983-46e3-b5d6-6ed4eb1fa9f2,Donald Brown,2023-09-30,Macedonia
39118497-3a43-42ba-9f0f-06cbcb9bc326,Joel Johnson,2022-01-19,Heard Island and McDonald Islands
5408f9ac-6601-4dd0-b170-f437a8f7ef5a,Angela Lin,2022-08-05,Timor-Leste
c5f8bc16-f786-4b50-91c5-8ef0dd463c09,Kirk Cruz,2022-08-05,Morocco
6651529e-8268-490b-a438-25b559e4b671,Rebecca Huang,2023-06-12,Korea
54c63cd8-8945-4f27-97fa-2d8dfb2ca025,Laura Lopez,2022-01-22,Netherlands Antilles
42deffcc-f86c-4ca2-a085-96db1d870966,Chris Brown,2022-05-19,Bosnia and Herzegovina
43f59a85-fbc9-487a-b668-a61794a1875d,Sara Haas,2022-01-30,Belize
587ef344-6f3f-420c-98b8-e4cc1bc044fc,Carrie Wright,2023-07-20,Kazakhstan
9b3080d5-6fb7-4271-904d-281fc9535b63,Kelly Bishop MD,2023-02-02,United States Virgin Islands
939b462d-e645-4129-a29c-2ae31d9af659,Jason Morgan,2022-05-28,Nepal
6fa17735-b572-43d0-8b5c-ea6a41357e8c,Mark Cook,2022-01-02,Greenland
89d7fd6c-ce77-4f00-acf2-7e7685197ff4,Michael Mitchell,2023-06-18,Saint Kitts and Nevis
bcae8081-bdf0-40aa-b0b5-156bb82c9074,Tracey Morrison,2023-06-05,Canada
11e9cdaa-6e69-41a3-9d3d-9e563270e4fa,Kevin Thomas,2023-05-31,Guernsey
505cc686-9f87-4ce7-9487-fd4febb7a385,Matthew Bates,2023-05-31,Bulgaria
e6697833-b841-40a0-9fe7-71d6d9178793,Teresa Collins,2022-08-22,Honduras
688c7015-aab9-4e49-8f2d-479681d2c7de,Erin Anderson,2022-09-11,Reunion
8dedf9fb-4bb0-4f20-b27c-40266703b636,Nancy Jennings,2022-04-09,Mali
f0bbac67-aa38-40a1-aba2-5efe311c6eb6,Michael Romero,2022-10-22,Andorra
2c8d0e44-e71e-43a6-bf85-bf0ead64b56c,Christopher Lewis,2023-04-24,Yemen
8c459ce2-67f4-4ad5-8d0b-0d1a91b0e1d9,Cheryl Cooke,2023-10-10,Cape Verde
35ce8841-4973-4d6c-8dca-bfb7001a9a8b,Ryan Garcia,2022-11-30,Sierra Leone
a79ac9aa-9b4e-4c24-9479-e1e6c9277d9b,Nancy Rose,2022-09-08,Panama
acf5e81e-7131-4269-b118-e36477097749,Ralph Anderson,2022-06-15,Honduras
e6b3c944-cb32-4e35-b922-bac282dc4c8e,Christopher Schwartz,2023-09-11,Niger
15b52908-a8aa-4158-ab70-e525bc67f831,Carol Kim,2022-08-09,Isle of Man
9e87e04c-a208-4977-a9f2-533683f4a9a9,Nathan Montes,2022-09-18,New Caledonia
c04a96c4-f3b6-4fe1-9184-332417e8392a,Paul Cole,2022-07-02,Marshall Islands
ce7ae7f6-3982-4cff-8f77-a665ac3c5640,Vincent Mueller,2022-06-04,United Kingdom
3eae0032-0bd4-4990-8640-be0f25b8fd4b,Holly Valentine,2023-01-05,Kazakhstan
12a4def0-c4bb-47a9-9988-68dd9c7c7377,Douglas Reyes,2022-12-20,Malta
935f2b0a-a138-4ddc-a2d9-de5d6a18ce4c,Christopher Gonzalez,2022-06-01,Netherlands Antilles
7e8f8095-624c-49b6-b244-45a7b7e58481,David Davidson,2022-11-07,Tunisia
b00805cc-a7f3-4ae9-a5c7-3c443e75c3b4,Timothy Dawson,2022-01-05,Malaysia
c521bf2d-dc45-4539-803f-3538e4855aa1,Dominique Hines,2023-11-19,Faroe Islands
3805f907-6cd6-4193-8746-8f591b494e15,Jose Guerra,2022-05-17,Bermuda
8498e113-b227-462c-b53d-4330cdda24ba,Courtney Hayes,2022-12-27,Guernsey
eadf5085-3fcb-4546-8eb2-25790cdb1ca4,Jennifer Sanders,2023-10-21,Holy See (Vatican City State)
cd29a36f-2222-42e1-b4da-aebf1f115b76,Zachary Brooks,2022-12-27,Antarctica (the territory South of 60 deg S)
8f15ba58-fce6-4504-87f8-424daae65fc1,Brett Espinoza,2023-04-08,Grenada
e4347d51-c158-4092-b335-cba3513a7052,Brenda Mitchell,2022-12-10,Switzerland
e45b712e-b822-4688-90a4-44329cd6c852,Ronald Blake,2023-01-28,Latvia
8c41561b-e827-41b9-94a0-2e536d3ee1dc,Aaron Miller,2022-12-13,Equatorial Guinea
dc8aee30-be60-43f7-a8be-9288e5af6e39,Chase Bentley,2023-01-04,Netherlands
3f4b1a70-c074-418e-825a-609f7337c599,Ashley Roberts,2023-10-15,Gabon
c715b2b9-c40c-4d91-86fd-e062a33dc7af,David Fowler,2023-02-09,Niger
464c04af-3d3f-4799-a072-95e97c0e8cd8,Brian Stein,2022-12-08,Nauru
3c07c574-4925-4af1-b6aa-e05b13d5f2f7,Lynn Andrews,2022-07-31,Saint Barthelemy
8a476a87-e49d-481d-91d8-7c6455fa1ab8,Jeffrey Mendez,2022-03-04,Dominican Republic
620e99d3-3b33-43d8-a69c-d696236c7b87,Chelsea Barnett,2023-06-24,Mali
10714d51-36c5-4dac-b4d7-e28e271e3ee2,Andrea Fox,2022-11-19,Macedonia
7746d0ba-8ae8-405b-94b4-a48268586eba,Katie Smith,2022-11-19,Tunisia
6b8e869f-d538-4b0e-b4f3-193c0ff0a55c,Mark Zavala,2022-10-30,El Salvador
f2311f17-9586-4a76-8511-55ffe7a37e81,Heather Jones,2023-06-25,Dominican Republic
c3fe0183-e172-4725-9b52-ca5805000bc6,Lori Ingram,2023-03-24,Saint Pierre and Miquelon
f1578470-0182-47c4-ba1b-58066160a6b4,Brandi Bell,2022-10-01,Guadeloupe
da7b9095-63d6-4a39-80e3-befd4c71e0fe,Carrie Maxwell,2023-11-24,Kyrgyz Republic
89c8d2ab-6b44-4a8d-95f2-5073f41402b1,Mrs. Catherine Taylor,2023-08-04,Saint Barthelemy
9a6ec2f5-ccc4-4903-8bcf-53a1bc10fa52,Judith Carter,2023-11-29,Aruba
45df16b6-382c-443f-bcfc-9b793875394c,Stacey Stewart,2022-12-05,Georgia
560c95ee-638c-454c-876e-2bba7c5308bf,Virginia Daniels,2023-06-04,El Salvador
b963f37f-6781-4c1f-8c53-0e36addc3e13,Matthew Mitchell,2022-05-09,Tokelau
20ac3703-eb67-446a-b7a6-e17cd72b6108,Sharon Rivera,2023-04-29,British Virgin Islands
64de82e6-e82c-4d7b-86e7-45f988bc539c,Jessica Ross,2023-04-05,Kazakhstan
157d94a1-06f0-48ff-a9ba-5a27907bfe36,Jasmine Beltran,2023-05-15,Luxembourg
7631de9d-dde9-4863-a2bd-33886db99102,Holly Salinas,2022-05-22,Ethiopia
53cd6268-610c-4373-8299-9aa40cdf742b,Monica Miller,2022-06-14,Netherlands Antilles
c2dff335-5666-4f9f-93ac-2ab974672cd9,Catherine Carter MD,2023-11-15,Greece
f3821cfd-c083-473a-873b-d358610e6a64,Elizabeth Morrison,2023-10-09,Japan
14f7ce8d-d5bc-48d0-8094-dded6bebac31,Jeremy West,2023-01-01,Saint Lucia
0d557b61-8a17-4dfe-bfc0-0dc804f64d86,Heather Bolton,2022-09-29,Falkland Islands (Malvinas)
c7fee39f-1190-4938-a66f-d7f739669fa7,Rebecca Brown,2023-05-22,Paraguay
f319c125-07f1-44f9-8115-6d6d0a4e5b70,Heidi Owen,2022-07-12,Philippines
9f0fda8d-0537-4ff6-96d7-b3b833094d35,Andre Allison,2022-04-29,Philippines
ab61a7b1-793b-4c32-a050-04943d114802,Amanda Jones,2022-03-30,Slovakia (Slovak Republic)
770c7798-37cc-463b-b2a0-345990604f62,Heidi Herring,2023-06-28,Antigua and Barbuda
2af43ab7-5e6f-4a07-8453-6f1d41992fdf,Meghan Rush,2023-04-16,Holy See (Vatican City State)
b7e6427c-bf78-4e3f-b6b7-51f79b749245,Billy Taylor,2022-03-30,Haiti
f6f7f0cc-29ec-4e49-91bd-b8c0c71d5e60,Matthew Wright,2022-08-30,Brazil
edcb8cb6-0692-4c63-9424-aed51bac5c15,Cody Holmes,2022-08-31,United States Minor Outlying Islands
f54ad0a2-e874-46d7-ad66-a1bd93676a02,Deborah Green,2022-10-19,Kiribati
32c5bd89-b70b-4420-b104-3785658b2523,Logan Benson,2022-03-01,Liechtenstein
a092f52a-d4a0-47a7-b0cc-1b3b9793b9b4,Chad Jones,2022-07-08,China
4d3485c5-c5c1-4eb4-b27b-3d901a16342c,Jill Miller,2023-10-23,Pitcairn Islands
1efd76e9-ce37-44af-99b4-9350af2b99b4,Victoria Contreras,2023-09-11,Russian Federation
0a8381be-c85a-4a46-90e0-f4a0fbdd3933,Joshua Vance,2022-09-27,Thailand
5eddbbbf-a959-4663-adaa-2e688861fe18,Michael Graves,2022-02-23,China
033d2bce-575a-4d2c-a5c5-650c8186a576,Katie Martinez,2023-10-22,Cook Islands
1b049863-7d7d-4bed-9284-476c6b88f83d,Cynthia Snyder,2022-12-03,Guyana
e43e4288-a2b5-4498-9cb8-5aedf5f62c97,Jackie Lara,2023-10-06,Mexico
6f7c15ea-272a-4d8e-b512-2df875b17a55,Stephen Jones,2022-05-17,Indonesia
a6846099-f729-4951-8591-31d2bbda0242,Dr. Kelly Hammond DVM,2022-07-29,Barbados
89c5b31a-eb6c-4016-8ee6-24d09dac6e83,Evan Jones,2023-08-25,Lao People's Democratic Republic
d36357b6-6f81-4f4f-b701-f7bb7bc67e1f,Haley Humphrey,2023-07-22,Slovakia (Slovak Republic)
da09dfa0-5282-4d80-84b5-91f797ac6aa8,Laurie Saunders,2022-07-10,Bulgaria
4767d76c-162f-4a24-af43-613cd4aac9a3,Thomas Brown,2023-11-16,British Virgin Islands
76f72255-c01f-46bf-be6d-d58b7367c28d,Elizabeth Martin,2023-03-19,Vietnam
561e16d1-6105-416b-ab0e-664e9c3eb2d5,Hannah Everett,2022-01-23,Ukraine
2e8d0e87-5334-40e6-99d8-0b8d7e8adee7,Blake Gonzalez,2023-01-14,Zimbabwe
4223623b-cc3e-4dde-9ad5-cf06364d7c87,Beth Turner,2022-09-22,Marshall Islands
b380c73a-989d-4d4a-a15c-a6664797b2c9,Martin Vargas,2023-11-15,Morocco
8441aefd-0299-436a-8e48-522346b98991,Matthew Le,2022-05-29,Netherlands Antilles
680bac63-b856-4035-bdc9-829015eabb27,Thomas Williams,2023-01-15,Tonga
b0cbc61f-3d85-4e89-8217-14298e200724,Angel May,2023-01-05,Montserrat
72bb912d-7da6-4785-b63b-4dc3a559e463,Daniel Armstrong,2023-09-08,Nicaragua
38ba8abc-4b53-45e5-97d2-582e046a0df5,Kathleen Burton,2022-11-11,French Guiana
a9f948b2-4e63-44bb-be49-3f43b118f68d,Elizabeth Sanchez,2023-03-28,Sri Lanka
87ea7ff5-8db0-4746-b927-99735e781fd7,Elizabeth Jones,2022-09-25,Bahamas
8ce6424d-bef5-4fe6-bf23-3d5f6cedd15d,Jason Marshall,2022-09-14,Guam
455ac762-7428-4656-b3ee-4d3b5a104129,Emily Higgins,2022-08-27,Saint Martin
b8a6171f-1ee3-4dc4-bb04-8a8b405bfdc9,Haley Ross PhD,2022-05-30,Malawi
892e6161-be2d-440a-9e9b-23bc50c7c006,Emma Owens,2023-08-16,Ethiopia
3764fbda-3108-4448-af65-fafab0ae8f08,Charles Williams,2023-07-28,Yemen
96ef2ad6-b97e-4703-86c8-adfe7bf47042,Luis Wright,2023-08-14,Tonga
fb02bebb-4872-4a4d-98c7-472a864e9a13,Robin Peck,2022-03-20,Saint Helena
3a3c563e-4bd6-4ee6-b1b1-b099d52721e7,Phillip Jimenez,2022-10-08,Malawi
b540b30e-039f-4a25-8d61-68bd2defe193,Shawn Jimenez,2023-02-19,Bermuda
f96b648a-0ba6-4ab9-8639-447b2067bdac,Kathy Levy,2022-02-12,Cuba
f1afdb65-b289-4224-8ac9-778d8da8eee4,Amber Campbell,2022-04-09,Nauru
7daa39f0-c0b6-4ce2-9e53-790aa34b6cf6,Martha Ruiz,2022-03-21,Martinique
48ca7651-92f5-4f7b-8323-d342df6a8f93,Brian Anderson,2022-12-31,Estonia
2f32751e-5738-411d-b0c2-903f7a8d03aa,Pamela Diaz,2022-02-09,Iran
7a4c75d4-dc99-404c-b0e9-8b3b40a26c60,Justin Cox,2022-03-30,France
7de31a51-6694-4343-90ba-58e3d2762bdc,Jonathan Duran,2022-02-27,Fiji
0db95301-afbb-411a-a123-5a8c93b7a886,Lisa Carr,2022-04-28,Brunei Darussalam
f2f9e5fa-9016-4161-8fa7-01cd2631d00b,Jennifer Norton,2022-08-24,Guadeloupe
1e52d770-3f89-4142-be71-6b1415ce6a66,Holly Thomas,2023-03-10,Netherlands Antilles
989bc4da-9b37-422b-aa8a-616fc3b290d0,Kathryn Williams,2023-09-07,Burundi
85c7504b-c693-4a11-b9c6-a1ca9e50aa42,Regina Stone,2022-10-23,Canada
4c1f55ab-7156-49ee-a893-be3d7354ea6f,Kaylee Murphy,2023-10-31,New Caledonia
4e2d6645-6dc7-4ac7-bd72-b05096a9954f,James Jensen,2023-03-18,Tajikistan
f5c9b047-9c10-4572-8f6b-40d09efba58b,George Clayton,2023-07-29,Marshall Islands
3531968d-c342-4d2b-b295-456e19675f06,Justin Wells Jr.,2023-05-01,Greenland
14c8b3b4-a911-4192-83bf-d9313605bf54,Veronica Silva,2022-05-02,South Africa
1337739e-8d4f-4d27-ac7f-0b793d67cde9,Shelby Soto,2022-05-02,Nauru
b07aa066-7354-45ea-a894-9b8d00af5b3a,Walter Patton,2023-04-07,Singapore
3b4206c5-085b-45fb-8a8f-f810784c2f29,Crystal Williams,2022-08-12,Lesotho
dc0f2fcf-b3f6-4e0d-8860-3b32b4fb0eb9,Mark Harvey,2022-12-19,Tajikistan
ec856f37-3bc1-4987-aff8-754d1238d630,Roberto Allen,2022-07-25,Montenegro
96fc734d-a003-4d28-8a8f-3653c9af18f8,Ashley Smith,2023-05-29,Germany
6cd5e859-32a4-47b2-af04-e57dcdccc33a,Jason Harris,2022-03-31,Macao
26242b40-a5cb-43a2-b98d-1ca68b6870b5,Tami Salas,2023-12-07,Saint Pierre and Miquelon
1247ea4e-2469-48e8-939e-198b44007d5a,Michele Stone,2022-02-16,Moldova
9854ce4e-4ebf-45c3-8ae9-b4a72a79ea68,Matthew Fox,2023-08-05,Germany
49e2623d-ebd3-4616-91b7-8d8ed3016989,Julia Patel,2022-12-08,Mauritius
4dd8eb85-b04d-4376-b7fc-97031fd5a423,Raymond Le,2023-06-28,Norway
801ef1da-45b1-4d25-b153-3ae8670acc5c,Deborah Washington,2023-02-24,Egypt
9918ee46-1497-4658-b010-f7197e695d0d,Edwin David,2022-01-31,French Southern Territories
5283aac7-bc0a-4a5d-ae99-6e3ee3b137fc,Michele Vaughn,2023-04-14,Liechtenstein
3a9aca5e-1761-42ed-869f-14f140181c6e,Gregory Peck,2023-06-08,South Africa
964db03f-9340-4fad-9c4a-d56bd6016237,Donna Berry,2022-01-17,Mauritius
d248a9a7-ac1a-4554-83c7-5611ffe3fa49,William Cardenas,2022-07-29,Zimbabwe
c19ad58c-c35b-4c8c-8a4c-9f7f9384ec2b,Brianna Williams,2022-05-17,Zimbabwe
7135f221-a6c9-437f-84da-d06a7872bdeb,Hannah Ramos,2023-12-13,Equatorial Guinea
95d82980-ff37-419c-ae76-128b473544f9,Cindy Clayton,2022-12-05,Faroe Islands
f8140102-7de1-4dfe-9072-5b5ca2814044,Melissa Taylor,2022-03-12,New Zealand
5553b2fe-6889-403e-9913-f9d3785299f4,Cynthia Williams,2022-09-07,United Kingdom
292bd156-db94-4570-9ac7-0ec0ab8ddeb4,Margaret Williams,2022-09-14,Isle of Man
49c8a43f-7ed7-4ed7-b194-990b6961929e,John Maldonado,2023-05-30,Burundi
c2b01cfd-d045-4d1c-a684-09e3f1f8343e,Joshua Hickman,2023-03-04,Ireland
50843242-168b-4625-b46f-78910964fbbf,Shirley Alvarez,2022-07-16,Pakistan
c5c5b37a-f85e-46a1-9dad-09b252c21221,Victor Morris,2022-11-10,Oman
fcf56188-d32e-4dcd-83bc-9478dd6ac7b8,Randy Pearson,2022-01-01,Djibouti
764414fd-8ae7-49ed-9e8e-de0ba85c6e4a,Miranda Zuniga,2022-11-17,United States Minor Outlying Islands
5c9d927d-84b8-41bb-b005-68d20de051a6,Jennifer Monroe,2023-04-29,Vietnam
71299889-a01a-4992-bf9d-3e64c1a6423b,Yolanda Sanders,2023-08-14,Lithuania
